custom-c,
custom-cpp,
custom-electron,
custom-elixir,
custom-elm,
custom-folder,
custom-folder_config,
custom-folder_git,
custom-folder_git_branch,
custom-folder_github,
custom-folder_npm,
custom-folder_open,
custom-go,
custom-msdos,
custom-vim,
custom-windows,
dev-android,
dev-angular,
dev-appcelerator,
dev-apple,
dev-appstore,
dev-aptana,
dev-asterisk,
dev-atlassian,
dev-atom,
dev-aws,
dev-backbone,
dev-bing_small,
dev-bintray,
dev-bitbucket,
dev-blackberry,
dev-bootstrap,
dev-bower,
dev-brackets,
dev-bugsense,
dev-celluloid,
dev-chart,
dev-chrome,
dev-cisco,
dev-clojure,
dev-clojure_alt,
dev-cloud9,
dev-coda,
dev-code,
dev-code_badge,
dev-codeigniter,
dev-codepen,
dev-codrops,
dev-coffeescript,
dev-compass,
dev-composer,
dev-creativecommons,
dev-creativecommons_badge,
dev-css3,
dev-css3_full,
dev-css_tricks,
dev-cssdeck,
dev-dart,
dev-database,
dev-debian,
dev-digital_ocean,
dev-django,
dev-dlang,
dev-docker,
dev-doctrine,
dev-dojo,
dev-dotnet,
dev-dreamweaver,
dev-dropbox,
dev-drupal,
dev-eclipse,
dev-ember,
dev-envato,
dev-erlang,
dev-extjs,
dev-firebase,
dev-firefox,
dev-fsharp,
dev-ghost,
dev-ghost_small,
dev-git,
dev-git_branch,
dev-git_commit,
dev-git_compare,
dev-git_merge,
dev-git_pull_request,
dev-github,
dev-github_alt,
dev-github_badge,
dev-github_full,
dev-gnu,
dev-go,
dev-google_cloud_platform,
dev-google_drive,
dev-grails,
dev-groovy,
dev-grunt,
dev-gulp,
dev-hackernews,
dev-haskell,
dev-heroku,
dev-html5,
dev-html5_3d_effects,
dev-html5_connectivity,
dev-html5_device_access,
dev-html5_multimedia,
dev-ie,
dev-illustrator,
dev-intellij,
dev-ionic,
dev-java,
dev-javascript,
dev-javascript_badge,
dev-javascript_shield,
dev-jekyll_small,
dev-jenkins,
dev-jira,
dev-joomla,
dev-jquery,
dev-jquery_ui,
dev-komodo,
dev-krakenjs,
dev-krakenjs_badge,
dev-laravel,
dev-less,
dev-linux,
dev-magento,
dev-mailchimp,
dev-markdown,
dev-materializecss,
dev-meteor,
dev-meteorfull,
dev-mitlicence,
dev-modernizr,
dev-mongodb,
dev-mootools,
dev-mootools_badge,
dev-mozilla,
dev-msql_server,
dev-mysql,
dev-nancy,
dev-netbeans,
dev-netmagazine,
dev-nginx,
dev-nodejs,
dev-nodejs_small,
dev-npm,
dev-onedrive,
dev-openshift,
dev-opensource,
dev-opera,
dev-perl,
dev-phonegap,
dev-photoshop,
dev-php,
dev-postgresql,
dev-prolog,
dev-python,
dev-rackspace,
dev-raphael,
dev-rasberry_pi,
dev-react,
dev-redhat,
dev-redis,
dev-requirejs,
dev-responsive,
dev-ruby,
dev-ruby_on_rails,
dev-ruby_rough,
dev-rust,
dev-safari,
dev-sass,
dev-scala,
dev-scriptcs,
dev-scrum,
dev-senchatouch,
dev-sizzlejs,
dev-smashing_magazine,
dev-snap_svg,
dev-sqllite,
dev-stackoverflow,
dev-streamline,
dev-stylus,
dev-sublime,
dev-swift,
dev-symfony,
dev-symfony_badge,
dev-techcrunch,
dev-terminal,
dev-terminal_badge,
dev-travis,
dev-trello,
dev-typo3,
dev-ubuntu,
dev-uikit,
dev-unity_small,
dev-vim,
dev-visualstudio,
dev-w3c,
dev-webplatform,
dev-windows,
dev-wordpress,
dev-yahoo,
dev-yahoo_small,
dev-yeoman,
dev-yii,
dev-zend,
fa-500px,
fa-address_book,
fa-address_book_o,
fa-address_card,
fa-address_card_o,
fa-adjust,
fa-adn,
fa-align_center,
fa-align_justify,
fa-align_left,
fa-align_right,
fa-amazon,
fa-ambulance,
fa-american_sign_language_interpreting,
fa-anchor,
fa-android,
fa-angellist,
fa-angle_double_down,
fa-angle_double_left,
fa-angle_double_right,
fa-angle_double_up,
fa-angle_down,
fa-angle_left,
fa-angle_right,
fa-angle_up,
fa-apple,
fa-archive,
fa-area_chart,
fa-arrow_circle_down,
fa-arrow_circle_left,
fa-arrow_circle_o_down,
fa-arrow_circle_o_left,
fa-arrow_circle_o_right,
fa-arrow_circle_o_up,
fa-arrow_circle_right,
fa-arrow_circle_up,
fa-arrow_down,
fa-arrow_left,
fa-arrow_right,
fa-arrow_up,
fa-arrows,
fa-arrows_alt,
fa-arrows_h,
fa-arrows_v,
fa-asl_interpreting,
fa-assistive_listening_systems,
fa-asterisk,
fa-at,
fa-audio_description,
fa-automobile,
fa-backward,
fa-balance_scale,
fa-ban,
fa-bandcamp,
fa-bank,
fa-bar_chart,
fa-bar_chart_o,
fa-barcode,
fa-bars,
fa-bath,
fa-bathtub,
fa-battery,
fa-battery_0,
fa-battery_1,
fa-battery_2,
fa-battery_3,
fa-battery_4,
fa-battery_empty,
fa-battery_full,
fa-battery_half,
fa-battery_quarter,
fa-battery_three_quarters,
fa-bed,
fa-beer,
fa-behance,
fa-behance_square,
fa-bell,
fa-bell_o,
fa-bell_slash,
fa-bell_slash_o,
fa-bicycle,
fa-binoculars,
fa-birthday_cake,
fa-bitbucket,
fa-bitbucket_square,
fa-bitcoin,
fa-black_tie,
fa-blind,
fa-bluetooth,
fa-bluetooth_b,
fa-bold,
fa-bolt,
fa-bomb,
fa-book,
fa-bookmark,
fa-bookmark_o,
fa-braille,
fa-briefcase,
fa-btc,
fa-bug,
fa-building,
fa-building_o,
fa-bullhorn,
fa-bullseye,
fa-bus,
fa-buysellads,
fa-cab,
fa-calculator,
fa-calendar,
fa-calendar_check_o,
fa-calendar_minus_o,
fa-calendar_o,
fa-calendar_plus_o,
fa-calendar_times_o,
fa-camera,
fa-camera_retro,
fa-car,
fa-caret_down,
fa-caret_left,
fa-caret_right,
fa-caret_square_o_down,
fa-caret_square_o_left,
fa-caret_square_o_right,
fa-caret_square_o_up,
fa-caret_up,
fa-cart_arrow_down,
fa-cart_plus,
fa-cc,
fa-cc_amex,
fa-cc_diners_club,
fa-cc_discover,
fa-cc_jcb,
fa-cc_mastercard,
fa-cc_paypal,
fa-cc_stripe,
fa-cc_visa,
fa-certificate,
fa-chain,
fa-chain_broken,
fa-check,
fa-check_circle,
fa-check_circle_o,
fa-check_square,
fa-check_square_o,
fa-chevron_circle_down,
fa-chevron_circle_left,
fa-chevron_circle_right,
fa-chevron_circle_up,
fa-chevron_down,
fa-chevron_left,
fa-chevron_right,
fa-chevron_up,
fa-child,
fa-chrome,
fa-circle,
fa-circle_o,
fa-circle_o_notch,
fa-circle_thin,
fa-clipboard,
fa-clock_o,
fa-clone,
fa-close,
fa-cloud,
fa-cloud_download,
fa-cloud_upload,
fa-cny,
fa-code,
fa-code_fork,
fa-codepen,
fa-codiepie,
fa-coffee,
fa-cog,
fa-cogs,
fa-columns,
fa-comment,
fa-comment_o,
fa-commenting,
fa-commenting_o,
fa-comments,
fa-comments_o,
fa-compass,
fa-compress,
fa-connectdevelop,
fa-contao,
fa-copy,
fa-copyright,
fa-creative_commons,
fa-credit_card,
fa-credit_card_alt,
fa-crop,
fa-crosshairs,
fa-css3,
fa-cube,
fa-cubes,
fa-cut,
fa-cutlery,
fa-dashboard,
fa-dashcube,
fa-database,
fa-deaf,
fa-deafness,
fa-dedent,
fa-delicious,
fa-desktop,
fa-deviantart,
fa-diamond,
fa-digg,
fa-dollar,
fa-dot_circle_o,
fa-download,
fa-dribbble,
fa-drivers_license,
fa-drivers_license_o,
fa-dropbox,
fa-drupal,
fa-edge,
fa-edit,
fa-eercast,
fa-eject,
fa-ellipsis_h,
fa-ellipsis_v,
fa-empire,
fa-envelope,
fa-envelope_o,
fa-envelope_open,
fa-envelope_open_o,
fa-envelope_square,
fa-envira,
fa-eraser,
fa-etsy,
fa-eur,
fa-euro,
fa-exchange,
fa-exclamation,
fa-exclamation_circle,
fa-exclamation_triangle,
fa-expand,
fa-expeditedssl,
fa-external_link,
fa-external_link_square,
fa-eye,
fa-eye_slash,
fa-eyedropper,
fa-fa,
fa-facebook,
fa-facebook_f,
fa-facebook_official,
fa-facebook_square,
fa-fast_backward,
fa-fast_forward,
fa-fax,
fa-feed,
fa-female,
fa-fighter_jet,
fa-file,
fa-file_archive_o,
fa-file_audio_o,
fa-file_code_o,
fa-file_excel_o,
fa-file_image_o,
fa-file_movie_o,
fa-file_o,
fa-file_pdf_o,
fa-file_photo_o,
fa-file_picture_o,
fa-file_powerpoint_o,
fa-file_sound_o,
fa-file_text,
fa-file_text_o,
fa-file_video_o,
fa-file_word_o,
fa-file_zip_o,
fa-files_o,
fa-film,
fa-filter,
fa-fire,
fa-fire_extinguisher,
fa-firefox,
fa-first_order,
fa-flag,
fa-flag_checkered,
fa-flag_o,
fa-flash,
fa-flask,
fa-flickr,
fa-floppy_o,
fa-folder,
fa-folder_o,
fa-folder_open,
fa-folder_open_o,
fa-font,
fa-font_awesome,
fa-fonticons,
fa-fort_awesome,
fa-forumbee,
fa-forward,
fa-foursquare,
fa-free_code_camp,
fa-frown_o,
fa-futbol_o,
fa-gamepad,
fa-gavel,
fa-gbp,
fa-ge,
fa-gear,
fa-gears,
fa-genderless,
fa-get_pocket,
fa-gg,
fa-gg_circle,
fa-gift,
fa-git,
fa-git_square,
fa-github,
fa-github_alt,
fa-github_square,
fa-gitlab,
fa-gittip,
fa-glass,
fa-glide,
fa-glide_g,
fa-globe,
fa-google,
fa-google_plus,
fa-google_plus_circle,
fa-google_plus_official,
fa-google_plus_square,
fa-google_wallet,
fa-graduation_cap,
fa-gratipay,
fa-grav,
fa-group,
fa-h_square,
fa-hacker_news,
fa-hand_grab_o,
fa-hand_lizard_o,
fa-hand_o_down,
fa-hand_o_left,
fa-hand_o_right,
fa-hand_o_up,
fa-hand_paper_o,
fa-hand_peace_o,
fa-hand_pointer_o,
fa-hand_rock_o,
fa-hand_scissors_o,
fa-hand_spock_o,
fa-hand_stop_o,
fa-handshake_o,
fa-hard_of_hearing,
fa-hashtag,
fa-hdd_o,
fa-header,
fa-headphones,
fa-heart,
fa-heart_o,
fa-heartbeat,
fa-history,
fa-home,
fa-hospital_o,
fa-hotel,
fa-hourglass,
fa-hourglass_1,
fa-hourglass_2,
fa-hourglass_3,
fa-hourglass_end,
fa-hourglass_half,
fa-hourglass_o,
fa-hourglass_start,
fa-houzz,
fa-html5,
fa-i_cursor,
fa-id_badge,
fa-id_card,
fa-id_card_o,
fa-ils,
fa-image,
fa-imdb,
fa-inbox,
fa-indent,
fa-industry,
fa-info,
fa-info_circle,
fa-inr,
fa-instagram,
fa-institution,
fa-internet_explorer,
fa-intersex,
fa-ioxhost,
fa-italic,
fa-joomla,
fa-jpy,
fa-jsfiddle,
fa-key,
fa-keyboard_o,
fa-krw,
fa-language,
fa-laptop,
fa-lastfm,
fa-lastfm_square,
fa-leaf,
fa-leanpub,
fa-legal,
fa-lemon_o,
fa-level_down,
fa-level_up,
fa-life_bouy,
fa-life_buoy,
fa-life_ring,
fa-life_saver,
fa-lightbulb_o,
fa-line_chart,
fa-link,
fa-linkedin,
fa-linkedin_square,
fa-linode,
fa-linux,
fa-list,
fa-list_alt,
fa-list_ol,
fa-list_ul,
fa-location_arrow,
fa-lock,
fa-long_arrow_down,
fa-long_arrow_left,
fa-long_arrow_right,
fa-long_arrow_up,
fa-low_vision,
fa-magic,
fa-magnet,
fa-mail_forward,
fa-mail_reply,
fa-mail_reply_all,
fa-male,
fa-map,
fa-map_marker,
fa-map_o,
fa-map_pin,
fa-map_signs,
fa-mars,
fa-mars_double,
fa-mars_stroke,
fa-mars_stroke_h,
fa-mars_stroke_v,
fa-maxcdn,
fa-meanpath,
fa-medium,
fa-medkit,
fa-meetup,
fa-meh_o,
fa-mercury,
fa-microchip,
fa-microphone,
fa-microphone_slash,
fa-minus,
fa-minus_circle,
fa-minus_square,
fa-minus_square_o,
fa-mixcloud,
fa-mobile,
fa-mobile_phone,
fa-modx,
fa-money,
fa-moon_o,
fa-mortar_board,
fa-motorcycle,
fa-mouse_pointer,
fa-music,
fa-navicon,
fa-neuter,
fa-newspaper_o,
fa-object_group,
fa-object_ungroup,
fa-odnoklassniki,
fa-odnoklassniki_square,
fa-opencart,
fa-openid,
fa-opera,
fa-optin_monster,
fa-outdent,
fa-pagelines,
fa-paint_brush,
fa-paper_plane,
fa-paper_plane_o,
fa-paperclip,
fa-paragraph,
fa-paste,
fa-pause,
fa-pause_circle,
fa-pause_circle_o,
fa-paw,
fa-paypal,
fa-pencil,
fa-pencil_square,
fa-pencil_square_o,
fa-percent,
fa-phone,
fa-phone_square,
fa-photo,
fa-picture_o,
fa-pie_chart,
fa-pied_piper,
fa-pied_piper_alt,
fa-pied_piper_pp,
fa-pinterest,
fa-pinterest_p,
fa-pinterest_square,
fa-plane,
fa-play,
fa-play_circle,
fa-play_circle_o,
fa-plug,
fa-plus,
fa-plus_circle,
fa-plus_square,
fa-plus_square_o,
fa-podcast,
fa-power_off,
fa-print,
fa-product_hunt,
fa-puzzle_piece,
fa-qq,
fa-qrcode,
fa-question,
fa-question_circle,
fa-question_circle_o,
fa-quora,
fa-quote_left,
fa-quote_right,
fa-ra,
fa-random,
fa-ravelry,
fa-rebel,
fa-recycle,
fa-reddit,
fa-reddit_alien,
fa-reddit_square,
fa-refresh,
fa-registered,
fa-remove,
fa-renren,
fa-reorder,
fa-repeat,
fa-reply,
fa-reply_all,
fa-resistance,
fa-retweet,
fa-rmb,
fa-road,
fa-rocket,
fa-rotate_left,
fa-rotate_right,
fa-rouble,
fa-rss,
fa-rss_square,
fa-rub,
fa-ruble,
fa-rupee,
fa-s15,
fa-safari,
fa-save,
fa-scissors,
fa-scribd,
fa-search,
fa-search_minus,
fa-search_plus,
fa-sellsy,
fa-send,
fa-send_o,
fa-server,
fa-share,
fa-share_alt,
fa-share_alt_square,
fa-share_square,
fa-share_square_o,
fa-shekel,
fa-sheqel,
fa-shield,
fa-ship,
fa-shirtsinbulk,
fa-shopping_bag,
fa-shopping_basket,
fa-shopping_cart,
fa-shower,
fa-sign_in,
fa-sign_language,
fa-sign_out,
fa-signal,
fa-signing,
fa-simplybuilt,
fa-sitemap,
fa-skyatlas,
fa-skype,
fa-slack,
fa-sliders,
fa-slideshare,
fa-smile_o,
fa-snapchat,
fa-snapchat_ghost,
fa-snapchat_square,
fa-snowflake_o,
fa-soccer_ball_o,
fa-sort,
fa-sort_alpha_asc,
fa-sort_alpha_desc,
fa-sort_amount_asc,
fa-sort_amount_desc,
fa-sort_asc,
fa-sort_desc,
fa-sort_down,
fa-sort_numeric_asc,
fa-sort_numeric_desc,
fa-sort_up,
fa-soundcloud,
fa-space_shuttle,
fa-spinner,
fa-spoon,
fa-spotify,
fa-square,
fa-square_o,
fa-stack_exchange,
fa-stack_overflow,
fa-star,
fa-star_half,
fa-star_half_empty,
fa-star_half_full,
fa-star_half_o,
fa-star_o,
fa-steam,
fa-steam_square,
fa-step_backward,
fa-step_forward,
fa-stethoscope,
fa-sticky_note,
fa-sticky_note_o,
fa-stop,
fa-stop_circle,
fa-stop_circle_o,
fa-street_view,
fa-strikethrough,
fa-stumbleupon,
fa-stumbleupon_circle,
fa-subscript,
fa-subway,
fa-suitcase,
fa-sun_o,
fa-superpowers,
fa-superscript,
fa-support,
fa-table,
fa-tablet,
fa-tachometer,
fa-tag,
fa-tags,
fa-tasks,
fa-taxi,
fa-telegram,
fa-television,
fa-tencent_weibo,
fa-terminal,
fa-text_height,
fa-text_width,
fa-th,
fa-th_large,
fa-th_list,
fa-themeisle,
fa-thermometer,
fa-thermometer_0,
fa-thermometer_1,
fa-thermometer_2,
fa-thermometer_3,
fa-thermometer_4,
fa-thermometer_empty,
fa-thermometer_full,
fa-thermometer_half,
fa-thermometer_quarter,
fa-thermometer_three_quarters,
fa-thumb_tack,
fa-thumbs_down,
fa-thumbs_o_down,
fa-thumbs_o_up,
fa-thumbs_up,
fa-ticket,
fa-times,
fa-times_circle,
fa-times_circle_o,
fa-times_rectangle,
fa-times_rectangle_o,
fa-tint,
fa-toggle_down,
fa-toggle_left,
fa-toggle_off,
fa-toggle_on,
fa-toggle_right,
fa-toggle_up,
fa-trademark,
fa-train,
fa-transgender,
fa-transgender_alt,
fa-trash,
fa-trash_o,
fa-tree,
fa-trello,
fa-tripadvisor,
fa-trophy,
fa-truck,
fa-try,
fa-tty,
fa-tumblr,
fa-tumblr_square,
fa-turkish_lira,
fa-tv,
fa-twitch,
fa-twitter,
fa-twitter_square,
fa-umbrella,
fa-underline,
fa-undo,
fa-universal_access,
fa-university,
fa-unlink,
fa-unlock,
fa-unlock_alt,
fa-unsorted,
fa-upload,
fa-usb,
fa-usd,
fa-user,
fa-user_circle,
fa-user_circle_o,
fa-user_md,
fa-user_o,
fa-user_plus,
fa-user_secret,
fa-user_times,
fa-users,
fa-vcard,
fa-vcard_o,
fa-venus,
fa-venus_double,
fa-venus_mars,
fa-viacoin,
fa-viadeo,
fa-viadeo_square,
fa-video_camera,
fa-vimeo,
fa-vimeo_square,
fa-vine,
fa-vk,
fa-volume_control_phone,
fa-volume_down,
fa-volume_off,
fa-volume_up,
fa-warning,
fa-wechat,
fa-weibo,
fa-weixin,
fa-whatsapp,
fa-wheelchair,
fa-wheelchair_alt,
fa-wifi,
fa-wikipedia_w,
fa-window_close,
fa-window_close_o,
fa-window_maximize,
fa-window_minimize,
fa-window_restore,
fa-windows,
fa-won,
fa-wordpress,
fa-wpbeginner,
fa-wpexplorer,
fa-wpforms,
fa-wrench,
fa-xing,
fa-xing_square,
fa-y_combinator,
fa-y_combinator_square,
fa-yahoo,
fa-yc,
fa-yc_square,
fa-yelp,
fa-yen,
fa-yoast,
fa-youtube,
fa-youtube_play,
fa-youtube_square,
fae-apple_fruit,
fae-atom,
fae-bacteria,
fae-banana,
fae-bath,
fae-bed,
fae-benzene,
fae-bigger,
fae-biohazard,
fae-blogger_circle,
fae-blogger_square,
fae-bones,
fae-book_open,
fae-book_open_o,
fae-brain,
fae-bread,
fae-butterfly,
fae-carot,
fae-cc_by,
fae-cc_cc,
fae-cc_nc,
fae-cc_nc_eu,
fae-cc_nc_jp,
fae-cc_nd,
fae-cc_remix,
fae-cc_sa,
fae-cc_share,
fae-cc_zero,
fae-checklist_o,
fae-cherry,
fae-chess_bishop,
fae-chess_horse,
fae-chess_king,
fae-chess_pawn,
fae-chess_queen,
fae-chess_tower,
fae-chesse,
fae-chicken_thigh,
fae-chilli,
fae-chip,
fae-cicling,
fae-cloud,
fae-cockroach,
fae-coffe_beans,
fae-coins,
fae-comb,
fae-comet,
fae-crown,
fae-cup_coffe,
fae-dice,
fae-disco,
fae-dna,
fae-donut,
fae-dress,
fae-drop,
fae-ello,
fae-envelope_open,
fae-envelope_open_o,
fae-equal,
fae-equal_bigger,
fae-feedly,
fae-file_export,
fae-file_import,
fae-fingerprint,
fae-floppy,
fae-footprint,
fae-freecodecamp,
fae-galaxy,
fae-galery,
fae-gift_card,
fae-glass,
fae-google_drive,
fae-google_play,
fae-gps,
fae-grav,
fae-guitar,
fae-gut,
fae-halter,
fae-hamburger,
fae-hat,
fae-hexagon,
fae-high_heel,
fae-hotdog,
fae-ice_cream,
fae-id_card,
fae-imdb,
fae-infinity,
fae-injection,
fae-isle,
fae-java,
fae-layers,
fae-lips,
fae-lipstick,
fae-liver,
fae-lollipop,
fae-loyalty_card,
fae-lung,
fae-makeup_brushes,
fae-maximize,
fae-meat,
fae-medicine,
fae-microscope,
fae-milk_bottle,
fae-minimize,
fae-molecule,
fae-moon_cloud,
fae-mountains,
fae-mushroom,
fae-mustache,
fae-mysql,
fae-nintendo,
fae-orange,
fae-palette_color,
fae-peach,
fae-pear,
fae-pi,
fae-pizza,
fae-planet,
fae-plant,
fae-playstation,
fae-poison,
fae-popcorn,
fae-popsicle,
fae-pulse,
fae-python,
fae-quora_circle,
fae-quora_square,
fae-radioactive,
fae-raining,
fae-real_heart,
fae-refrigerator,
fae-restore,
fae-ring,
fae-ruby,
fae-ruby_o,
fae-ruler,
fae-shirt,
fae-slash,
fae-smaller,
fae-snowing,
fae-soda,
fae-sofa,
fae-soup,
fae-spermatozoon,
fae-spin_double,
fae-stomach,
fae-storm,
fae-sun_cloud,
fae-sushi,
fae-tacos,
fae-telegram,
fae-telegram_circle,
fae-telescope,
fae-thermometer,
fae-thermometer_high,
fae-thermometer_low,
fae-thin_close,
fae-toilet,
fae-tools,
fae-tooth,
fae-tree,
fae-triangle_ruler,
fae-umbrella,
fae-uterus,
fae-virus,
fae-w3c,
fae-walking,
fae-wallet,
fae-wind,
fae-xbox,
iec-power,⏻
iec-power_off,⭘
iec-power_on,⏽
iec-sleep_mode,⏾
iec-toggle_power,⏼
indent-dotted_guide,
indent-line,
indentation-line,
linux-alpine,
linux-aosc,
linux-apple,
linux-archlinux,
linux-centos,
linux-coreos,
linux-debian,
linux-devuan,
linux-docker,
linux-elementary,
linux-fedora,
linux-fedora_inverse,
linux-freebsd,
linux-gentoo,
linux-linuxmint,
linux-linuxmint_inverse,
linux-mageia,
linux-mandriva,
linux-manjaro,
linux-nixos,
linux-opensuse,
linux-raspberry_pi,
linux-redhat,
linux-sabayon,
linux-slackware,
linux-slackware_inverse,
linux-tux,
linux-ubuntu,
linux-ubuntu_inverse,
mdi-access_point,
mdi-access_point_network,
mdi-account,
mdi-account_alert,
mdi-account_box,
mdi-account_box_outline,
mdi-account_card_details,𣏕
mdi-account_check,
mdi-account_circle,
mdi-account_convert,
mdi-account_edit,﮺
mdi-account_key,
mdi-account_location,
mdi-account_minus,
mdi-account_multiple,
mdi-account_multiple_minus,㮝
mdi-account_multiple_outline,
mdi-account_multiple_plus,
mdi-account_multiple_plus_outline,ﳾ
mdi-account_network,
mdi-account_off,
mdi-account_outline,
mdi-account_plus,
mdi-account_plus_outline,ﳿ
mdi-account_remove,
mdi-account_search,
mdi-account_settings,אָ
mdi-account_settings_variant,אּ
mdi-account_star,
mdi-account_switch,
mdi-adjust,
mdi-air_conditioner,
mdi-airballoon,
mdi-airplane,
mdi-airplane_landing,䀘
mdi-airplane_off,
mdi-airplane_takeoff,䀹
mdi-airplay,
mdi-alarm,
mdi-alarm_bell,ﲌ
mdi-alarm_check,
mdi-alarm_light,ﲍ
mdi-alarm_multiple,
mdi-alarm_off,
mdi-alarm_plus,
mdi-alarm_snooze,ﮌ
mdi-album,
mdi-alert,
mdi-alert_box,
mdi-alert_circle,
mdi-alert_circle_outline,𥉉
mdi-alert_decagram,﮻
mdi-alert_octagon,
mdi-alert_octagram,ﱥ
mdi-alert_outline,
mdi-all_inclusive,﮼
mdi-allo,ﴀ
mdi-alpha,
mdi-alphabetical,
mdi-altimeter,𥳐
mdi-amazon,
mdi-amazon_clouddrive,
mdi-ambulance,
mdi-amplifier,
mdi-anchor,
mdi-android,
mdi-android_debug_bridge,
mdi-android_head,ﲎ
mdi-android_studio,
mdi-angular,ﮰ
mdi-angularjs,﮽
mdi-animation,𧻓
mdi-apple,
mdi-apple_finder,
mdi-apple_ios,
mdi-apple_keyboard_caps,בּ
mdi-apple_keyboard_command,גּ
mdi-apple_keyboard_control,דּ
mdi-apple_keyboard_option,הּ
mdi-apple_keyboard_shift,וּ
mdi-apple_mobileme,
mdi-apple_safari,
mdi-application,ﬓ
mdi-approval,ﲏ
mdi-apps,
mdi-archive,
mdi-arrange_bring_forward,
mdi-arrange_bring_to_front,
mdi-arrange_send_backward,
mdi-arrange_send_to_back,
mdi-arrow_all,
mdi-arrow_bottom_left,
mdi-arrow_bottom_right,
mdi-arrow_collapse,ﬔ
mdi-arrow_collapse_all,
mdi-arrow_collapse_down,ﲐ
mdi-arrow_collapse_left,ﲑ
mdi-arrow_collapse_right,ﲒ
mdi-arrow_collapse_up,ﲓ
mdi-arrow_down,
mdi-arrow_down_bold,ﰬ
mdi-arrow_down_bold_box,ﰭ
mdi-arrow_down_bold_box_outline,ﰮ
mdi-arrow_down_bold_circle,
mdi-arrow_down_bold_circle_outline,
mdi-arrow_down_bold_hexagon_outline,
mdi-arrow_down_box,﮾
mdi-arrow_down_drop_circle,
mdi-arrow_down_drop_circle_outline,
mdi-arrow_down_thick,
mdi-arrow_expand,ﬕ
mdi-arrow_expand_all,
mdi-arrow_expand_down,ﲔ
mdi-arrow_expand_left,ﲕ
mdi-arrow_expand_right,ﲖ
mdi-arrow_expand_up,ﲗ
mdi-arrow_left,
mdi-arrow_left_bold,ﰯ
mdi-arrow_left_bold_box,ﰰ
mdi-arrow_left_bold_box_outline,ﰱ
mdi-arrow_left_bold_circle,
mdi-arrow_left_bold_circle_outline,
mdi-arrow_left_bold_hexagon_outline,
mdi-arrow_left_box,﮿
mdi-arrow_left_drop_circle,
mdi-arrow_left_drop_circle_outline,
mdi-arrow_left_thick,
mdi-arrow_right,
mdi-arrow_right_bold,ﰲ
mdi-arrow_right_bold_box,ﰳ
mdi-arrow_right_bold_box_outline,ﰴ
mdi-arrow_right_bold_circle,
mdi-arrow_right_bold_circle_outline,
mdi-arrow_right_bold_hexagon_outline,
mdi-arrow_right_box,﯀
mdi-arrow_right_drop_circle,
mdi-arrow_right_drop_circle_outline,
mdi-arrow_right_thick,
mdi-arrow_top_left,
mdi-arrow_top_right,
mdi-arrow_up,
mdi-arrow_up_bold,ﰵ
mdi-arrow_up_bold_box,ﰶ
mdi-arrow_up_bold_box_outline,ﰷ
mdi-arrow_up_bold_circle,
mdi-arrow_up_bold_circle_outline,
mdi-arrow_up_bold_hexagon_outline,
mdi-arrow_up_box,﯁
mdi-arrow_up_drop_circle,
mdi-arrow_up_drop_circle_outline,
mdi-arrow_up_thick,
mdi-artist,ﴁ
mdi-assistant,
mdi-asterisk,﯂
mdi-at,
mdi-atlassian,ﴂ
mdi-atom,ﱦ
mdi-attachment,
mdi-audiobook,
mdi-auto_fix,
mdi-auto_upload,
mdi-autorenew,
mdi-av_timer,
mdi-azure,ﴃ
mdi-baby,
mdi-baby_buggy,ﮍ
mdi-backburger,
mdi-backspace,
mdi-backup_restore,
mdi-bandcamp,ﭳ
mdi-bank,
mdi-barcode,
mdi-barcode_scan,
mdi-barley,
mdi-barrel,
mdi-basecamp,
mdi-basket,
mdi-basket_fill,
mdi-basket_unfill,
mdi-basketball,ﴄ
mdi-battery,
mdi-battery_10,
mdi-battery_20,
mdi-battery_30,
mdi-battery_40,
mdi-battery_50,
mdi-battery_60,
mdi-battery_70,
mdi-battery_80,
mdi-battery_90,
mdi-battery_alert,
mdi-battery_charging,
mdi-battery_charging_100,
mdi-battery_charging_20,
mdi-battery_charging_30,
mdi-battery_charging_40,
mdi-battery_charging_60,
mdi-battery_charging_80,
mdi-battery_charging_90,
mdi-battery_charging_wireless,ﴅ
mdi-battery_charging_wireless_10,ﴆ
mdi-battery_charging_wireless_20,ﴇ
mdi-battery_charging_wireless_30,ﴈ
mdi-battery_charging_wireless_40,ﴉ
mdi-battery_charging_wireless_50,ﴊ
mdi-battery_charging_wireless_60,ﴋ
mdi-battery_charging_wireless_70,ﴌ
mdi-battery_charging_wireless_80,ﴍ
mdi-battery_charging_wireless_90,ﴎ
mdi-battery_charging_wireless_alert,ﴏ
mdi-battery_charging_wireless_outline,ﴐ
mdi-battery_minus,
mdi-battery_negative,
mdi-battery_outline,
mdi-battery_plus,
mdi-battery_positive,
mdi-battery_unknown,
mdi-beach,
mdi-beaker,ﮎ
mdi-beats,
mdi-beer,
mdi-behance,
mdi-bell,
mdi-bell_off,
mdi-bell_outline,
mdi-bell_plus,
mdi-bell_ring,
mdi-bell_ring_outline,
mdi-bell_sleep,
mdi-beta,
mdi-bible,
mdi-bike,
mdi-bing,
mdi-binoculars,
mdi-bio,
mdi-biohazard,
mdi-bitbucket,
mdi-bitcoin,ﴑ
mdi-black_mesa,
mdi-blackberry,
mdi-blender,
mdi-blinds,
mdi-block_helper,
mdi-blogger,
mdi-bluetooth,
mdi-bluetooth_audio,
mdi-bluetooth_connect,
mdi-bluetooth_off,
mdi-bluetooth_settings,
mdi-bluetooth_transfer,
mdi-blur,
mdi-blur_linear,
mdi-blur_off,
mdi-blur_radial,
mdi-bomb,ﮏ
mdi-bomb_off,﯃
mdi-bone,
mdi-book,
mdi-book_minus,齃
mdi-book_multiple,
mdi-book_multiple_variant,
mdi-book_open,
mdi-book_open_page_variant,龎
mdi-book_open_variant,
mdi-book_plus,﫚
mdi-book_secure,ﲘ
mdi-book_unsecure,ﲙ
mdi-book_variant,
mdi-bookmark,
mdi-bookmark_check,
mdi-bookmark_music,
mdi-bookmark_outline,
mdi-bookmark_plus,
mdi-bookmark_plus_outline,
mdi-bookmark_remove,
mdi-boombox,﫛
mdi-bootstrap,﯄
mdi-border_all,
mdi-border_bottom,
mdi-border_color,
mdi-border_horizontal,
mdi-border_inside,
mdi-border_left,
mdi-border_none,
mdi-border_outside,
mdi-border_right,
mdi-border_style,
mdi-border_top,
mdi-border_vertical,
mdi-bow_tie,ﭶ
mdi-bowl,ﬖ
mdi-bowling,
mdi-box,
mdi-box_cutter,
mdi-box_shadow,זּ
mdi-bridge,ﬗ
mdi-briefcase,
mdi-briefcase_check,
mdi-briefcase_download,
mdi-briefcase_outline,ﴒ
mdi-briefcase_upload,
mdi-brightness_1,
mdi-brightness_2,
mdi-brightness_3,
mdi-brightness_4,
mdi-brightness_5,
mdi-brightness_6,
mdi-brightness_7,
mdi-brightness_auto,
mdi-broom,
mdi-brush,
mdi-buffer,﬘
mdi-bug,
mdi-bulletin_board,
mdi-bullhorn,
mdi-bullseye,﫜
mdi-bus,
mdi-bus_articulated_end,ﲚ
mdi-bus_articulated_front,ﲛ
mdi-bus_double_decker,ﲜ
mdi-bus_school,ﲝ
mdi-bus_side,ﲞ
mdi-cached,
mdi-cake,
mdi-cake_layered,
mdi-cake_variant,
mdi-calculator,
mdi-calendar,
mdi-calendar_blank,
mdi-calendar_check,
mdi-calendar_clock,
mdi-calendar_multiple,
mdi-calendar_multiple_check,
mdi-calendar_plus,
mdi-calendar_question,ﮐ
mdi-calendar_range,ﭷ
mdi-calendar_remove,
mdi-calendar_text,
mdi-calendar_today,
mdi-call_made,
mdi-call_merge,
mdi-call_missed,
mdi-call_received,
mdi-call_split,
mdi-camcorder,
mdi-camcorder_box,
mdi-camcorder_box_off,
mdi-camcorder_off,
mdi-camera,
mdi-camera_burst,ﮑ
mdi-camera_enhance,
mdi-camera_front,
mdi-camera_front_variant,
mdi-camera_gopro,ﲟ
mdi-camera_iris,
mdi-camera_metering_center,ﲠ
mdi-camera_metering_matrix,ﲡ
mdi-camera_metering_partial,ﲢ
mdi-camera_metering_spot,ﲣ
mdi-camera_off,﫞
mdi-camera_party_mode,
mdi-camera_rear,
mdi-camera_rear_variant,
mdi-camera_switch,
mdi-camera_timer,
mdi-cancel,ﰸ
mdi-candle,﫡
mdi-candycane,
mdi-cannabis,ﲤ
mdi-car,
mdi-car_battery,
mdi-car_connected,
mdi-car_convertible,ﲥ
mdi-car_estate,ﲦ
mdi-car_hatchback,ﲧ
mdi-car_pickup,ﲨ
mdi-car_side,ﲩ
mdi-car_sports,ﲪ
mdi-car_wash,
mdi-caravan,ﲫ
mdi-cards,﬷
mdi-cards_outline,טּ
mdi-cards_playing_outline,יּ
mdi-cards_variant,﯅
mdi-carrot,
mdi-cart,
mdi-cart_off,ﭪ
mdi-cart_outline,
mdi-cart_plus,
mdi-case_sensitive_alt,
mdi-cash,
mdi-cash_100,
mdi-cash_multiple,
mdi-cash_usd,
mdi-cast,
mdi-cast_connected,
mdi-cast_off,ﲈ
mdi-castle,
mdi-cat,
mdi-cctv,ﲬ
mdi-ceiling_light,ﱧ
mdi-cellphone,
mdi-cellphone_android,
mdi-cellphone_basic,
mdi-cellphone_dock,
mdi-cellphone_iphone,
mdi-cellphone_link,
mdi-cellphone_link_off,
mdi-cellphone_settings,
mdi-cellphone_wireless,ﴓ
mdi-certificate,
mdi-chair_school,
mdi-chart_arc,
mdi-chart_areaspline,
mdi-chart_bar,
mdi-chart_bar_stacked,ﱨ
mdi-chart_bubble,﫢
mdi-chart_donut,ﲭ
mdi-chart_donut_variant,ﲮ
mdi-chart_gantt,ﭫ
mdi-chart_histogram,
mdi-chart_line,
mdi-chart_line_stacked,ﱩ
mdi-chart_line_variant,ﲯ
mdi-chart_pie,
mdi-chart_scatterplot_hexbin,ﭬ
mdi-chart_timeline,ﭭ
mdi-check,
mdi-check_all,
mdi-check_circle,﫟
mdi-check_circle_outline,﫠
mdi-checkbox_blank,
mdi-checkbox_blank_circle,
mdi-checkbox_blank_circle_outline,
mdi-checkbox_blank_outline,
mdi-checkbox_marked,
mdi-checkbox_marked_circle,
mdi-checkbox_marked_circle_outline,
mdi-checkbox_marked_outline,
mdi-checkbox_multiple_blank,
mdi-checkbox_multiple_blank_circle,ךּ
mdi-checkbox_multiple_blank_circle_outline,כּ
mdi-checkbox_multiple_blank_outline,
mdi-checkbox_multiple_marked,
mdi-checkbox_multiple_marked_circle,לּ
mdi-checkbox_multiple_marked_circle_outline,﬽
mdi-checkbox_multiple_marked_outline,
mdi-checkerboard,
mdi-chemical_weapon,
mdi-chevron_double_down,
mdi-chevron_double_left,
mdi-chevron_double_right,
mdi-chevron_double_up,
mdi-chevron_down,
mdi-chevron_left,
mdi-chevron_right,
mdi-chevron_up,
mdi-chili_hot,ﲰ
mdi-chili_medium,ﲱ
mdi-chili_mild,ﲲ
mdi-chip,﬙
mdi-church,
mdi-circle,ﱣ
mdi-circle_outline,ﱤ
mdi-cisco_webex,
mdi-city,
mdi-clipboard,
mdi-clipboard_account,
mdi-clipboard_alert,
mdi-clipboard_arrow_down,
mdi-clipboard_arrow_left,
mdi-clipboard_check,
mdi-clipboard_flow,﯆
mdi-clipboard_outline,
mdi-clipboard_plus,ﱏ
mdi-clipboard_text,
mdi-clippy,
mdi-clock,
mdi-clock_alert,鬒
mdi-clock_end,
mdi-clock_fast,
mdi-clock_in,
mdi-clock_out,
mdi-clock_start,
mdi-close,
mdi-close_box,
mdi-close_box_outline,
mdi-close_circle,
mdi-close_circle_outline,
mdi-close_network,
mdi-close_octagon,
mdi-close_octagon_outline,
mdi-close_outline,﯇
mdi-closed_caption,
mdi-cloud,
mdi-cloud_braces,ﲳ
mdi-cloud_check,
mdi-cloud_circle,
mdi-cloud_download,
mdi-cloud_off_outline,
mdi-cloud_outline,
mdi-cloud_print,
mdi-cloud_print_outline,
mdi-cloud_sync,מּ
mdi-cloud_tags,ﲴ
mdi-cloud_upload,
mdi-clover,ﴔ
mdi-code_array,
mdi-code_braces,
mdi-code_brackets,
mdi-code_equal,
mdi-code_greater_than,
mdi-code_greater_than_or_equal,
mdi-code_less_than,
mdi-code_less_than_or_equal,
mdi-code_not_equal,
mdi-code_not_equal_variant,
mdi-code_parentheses,
mdi-code_string,
mdi-code_tags,
mdi-code_tags_check,ﮒ
mdi-codepen,
mdi-coffee,
mdi-coffee_outline,﯈
mdi-coffee_to_go,
mdi-coin,
mdi-coins,ﮓ
mdi-collage,﬿
mdi-color_helper,
mdi-comment,
mdi-comment_account,
mdi-comment_account_outline,
mdi-comment_alert,
mdi-comment_alert_outline,
mdi-comment_check,
mdi-comment_check_outline,
mdi-comment_multiple_outline,
mdi-comment_outline,
mdi-comment_plus_outline,
mdi-comment_processing,
mdi-comment_processing_outline,
mdi-comment_question,ﴕ
mdi-comment_question_outline,
mdi-comment_remove,﫝
mdi-comment_remove_outline,
mdi-comment_text,
mdi-comment_text_outline,
mdi-compare,
mdi-compass,
mdi-compass_outline,
mdi-console,
mdi-console_line,ﲵ
mdi-contact_mail,
mdi-contacts,﯉
mdi-content_copy,
mdi-content_cut,
mdi-content_duplicate,
mdi-content_paste,
mdi-content_save,
mdi-content_save_all,
mdi-content_save_outline,ﴖ
mdi-content_save_settings,﬚
mdi-contrast,
mdi-contrast_box,
mdi-contrast_circle,
mdi-cookie,
mdi-copyright,﫥
mdi-corn,ﲶ
mdi-counter,
mdi-cow,
mdi-creation,
mdi-credit_card,
mdi-credit_card_multiple,
mdi-credit_card_off,﫣
mdi-credit_card_plus,ﭴ
mdi-credit_card_scan,
mdi-crop,
mdi-crop_free,
mdi-crop_landscape,
mdi-crop_portrait,
mdi-crop_rotate,ﮔ
mdi-crop_square,
mdi-crosshairs,
mdi-crosshairs_gps,
mdi-crown,
mdi-cube,
mdi-cube_outline,
mdi-cube_send,
mdi-cube_unfolded,
mdi-cup,
mdi-cup_off,﫤
mdi-cup_water,
mdi-currency_btc,
mdi-currency_chf,ﲷ
mdi-currency_cny,ﲸ
mdi-currency_eth,ﲹ
mdi-currency_eur,
mdi-currency_gbp,
mdi-currency_inr,
mdi-currency_jpy,ﲺ
mdi-currency_krw,ﲻ
mdi-currency_ngn,
mdi-currency_rub,
mdi-currency_sign,ﲼ
mdi-currency_try,
mdi-currency_twd,ﲽ
mdi-currency_usd,
mdi-currency_usd_off,ﭸ
mdi-cursor_default,
mdi-cursor_default_outline,
mdi-cursor_move,
mdi-cursor_pointer,
mdi-cursor_text,﫦
mdi-database,
mdi-database_minus,
mdi-database_plus,
mdi-debug_step_into,
mdi-debug_step_out,
mdi-debug_step_over,
mdi-decagram,ﱪ
mdi-decagram_outline,ﱫ
mdi-decimal_decrease,
mdi-decimal_increase,
mdi-delete,
mdi-delete_circle,ﮁ
mdi-delete_empty,﯊
mdi-delete_forever,﫧
mdi-delete_restore,ﴗ
mdi-delete_sweep,﫨
mdi-delete_variant,
mdi-delta,
mdi-deskphone,
mdi-desktop_classic,ﲾ
mdi-desktop_mac,
mdi-desktop_tower,
mdi-details,
mdi-developer_board,ﮕ
mdi-deviantart,
mdi-dialpad,﬛
mdi-diamond,
mdi-dice_1,
mdi-dice_2,
mdi-dice_3,
mdi-dice_4,
mdi-dice_5,
mdi-dice_6,
mdi-dice_d10,ﱭ
mdi-dice_d20,﫩
mdi-dice_d4,﫪
mdi-dice_d6,﫫
mdi-dice_d8,﫬
mdi-dice_multiple,ﱬ
mdi-dictionary,﬜
mdi-dip_switch,ﲿ
mdi-directions,
mdi-directions_fork,נּ
mdi-discord,ﭮ
mdi-disk,﫭
mdi-disk_alert,
mdi-disqus,
mdi-disqus_outline,
mdi-division,
mdi-division_box,
mdi-dna,ﮂ
mdi-dns,
mdi-do_not_disturb,ﮖ
mdi-do_not_disturb_off,ﮗ
mdi-dolby,ﮱ
mdi-domain,
mdi-donkey,ﳀ
mdi-door,ﴘ
mdi-door_closed,ﴙ
mdi-door_open,ﴚ
mdi-dots_horizontal,
mdi-dots_horizontal_circle,ﳁ
mdi-dots_vertical,
mdi-dots_vertical_circle,ﳂ
mdi-douban,ﮘ
mdi-download,
mdi-download_network,ﯲ
mdi-drag,
mdi-drag_horizontal,
mdi-drag_vertical,
mdi-drawing,
mdi-drawing_box,
mdi-dribbble,
mdi-dribbble_box,
mdi-drone,
mdi-dropbox,
mdi-drupal,
mdi-duck,
mdi-dumbbell,
mdi-ear_hearing,ﳃ
mdi-earth,
mdi-earth_box,﯋
mdi-earth_box_off,﯌
mdi-earth_off,
mdi-edge,
mdi-eject,
mdi-elephant,ﳄ
mdi-elevation_decline,
mdi-elevation_rise,
mdi-elevator,
mdi-email,
mdi-email_alert,﯍
mdi-email_open,
mdi-email_open_outline,﫮
mdi-email_outline,
mdi-email_secure,
mdi-email_variant,﫯
mdi-emby,﮲
mdi-emoticon,
mdi-emoticon_cool,
mdi-emoticon_dead,ﮙ
mdi-emoticon_devil,
mdi-emoticon_excited,ﮚ
mdi-emoticon_happy,
mdi-emoticon_neutral,
mdi-emoticon_poop,
mdi-emoticon_sad,
mdi-emoticon_tongue,
mdi-engine,
mdi-engine_outline,
mdi-equal,
mdi-equal_box,
mdi-eraser,
mdi-eraser_variant,סּ
mdi-escalator,
mdi-ethernet,
mdi-ethernet_cable,
mdi-ethernet_cable_off,
mdi-etsy,
mdi-ev_station,﫰
mdi-eventbrite,ﳅ
mdi-evernote,
mdi-exclamation,
mdi-exit_to_app,
mdi-export,
mdi-eye,
mdi-eye_off,
mdi-eye_off_outline,﯏
mdi-eye_outline,﯎
mdi-eyedropper,
mdi-eyedropper_variant,
mdi-face,﭂
mdi-face_profile,ףּ
mdi-facebook,
mdi-facebook_box,
mdi-facebook_messenger,
mdi-factory,
mdi-fan,
mdi-fan_off,ﴛ
mdi-fast_forward,
mdi-fast_forward_outline,﯐
mdi-fax,
mdi-feather,﯑
mdi-ferry,
mdi-file,
mdi-file_account,ﰹ
mdi-file_chart,
mdi-file_check,
mdi-file_cloud,
mdi-file_delimited,
mdi-file_document,
mdi-file_document_box,
mdi-file_excel,
mdi-file_excel_box,
mdi-file_export,
mdi-file_find,
mdi-file_hidden,﬒
mdi-file_image,
mdi-file_import,
mdi-file_lock,
mdi-file_multiple,
mdi-file_music,
mdi-file_outline,
mdi-file_pdf,
mdi-file_pdf_box,
mdi-file_percent,ﴜ
mdi-file_plus,ﱐ
mdi-file_powerpoint,
mdi-file_powerpoint_box,
mdi-file_presentation_box,
mdi-file_restore,ﭯ
mdi-file_send,
mdi-file_tree,פּ
mdi-file_video,
mdi-file_word,
mdi-file_word_box,
mdi-file_xml,
mdi-film,
mdi-filmstrip,
mdi-filmstrip_off,
mdi-filter,
mdi-filter_outline,
mdi-filter_remove,
mdi-filter_remove_outline,
mdi-filter_variant,
mdi-finance,ﴝ
mdi-find_replace,﯒
mdi-fingerprint,
mdi-fire,
mdi-firefox,
mdi-fish,
mdi-flag,
mdi-flag_checkered,
mdi-flag_outline,
mdi-flag_triangle,
mdi-flag_variant,
mdi-flag_variant_outline,
mdi-flash,
mdi-flash_auto,
mdi-flash_circle,ﴞ
mdi-flash_off,
mdi-flash_outline,ﯓ
mdi-flash_red_eye,ﭹ
mdi-flashlight,
mdi-flashlight_off,
mdi-flask,
mdi-flask_empty,
mdi-flask_empty_outline,
mdi-flask_outline,
mdi-flattr,
mdi-flip_to_back,
mdi-flip_to_front,
mdi-floor_plan,ﴟ
mdi-floppy,
mdi-flower,
mdi-folder,
mdi-folder_account,
mdi-folder_download,
mdi-folder_google_drive,
mdi-folder_image,
mdi-folder_lock,
mdi-folder_lock_open,
mdi-folder_move,
mdi-folder_multiple,
mdi-folder_multiple_image,
mdi-folder_multiple_outline,
mdi-folder_open,ﱮ
mdi-folder_outline,
mdi-folder_plus,
mdi-folder_remove,
mdi-folder_star,ﮛ
mdi-folder_upload,
mdi-font_awesome,
mdi-food,
mdi-food_apple,
mdi-food_croissant,ﳆ
mdi-food_fork_drink,﫱
mdi-food_off,﫲
mdi-food_variant,
mdi-football,
mdi-football_australian,
mdi-football_helmet,
mdi-forklift,ﳇ
mdi-format_align_bottom,ﱑ
mdi-format_align_center,
mdi-format_align_justify,
mdi-format_align_left,
mdi-format_align_middle,ﱒ
mdi-format_align_right,
mdi-format_align_top,ﱓ
mdi-format_annotation_plus,﭅
mdi-format_bold,
mdi-format_clear,
mdi-format_color_fill,
mdi-format_color_text,ﮜ
mdi-format_float_center,
mdi-format_float_left,
mdi-format_float_none,
mdi-format_float_right,
mdi-format_font,ﯔ
mdi-format_header_1,
mdi-format_header_2,
mdi-format_header_3,
mdi-format_header_4,
mdi-format_header_5,
mdi-format_header_6,
mdi-format_header_decrease,
mdi-format_header_equal,
mdi-format_header_increase,
mdi-format_header_pound,
mdi-format_horizontal_align_center,יִ
mdi-format_horizontal_align_left,ﬞ
mdi-format_horizontal_align_right,ײַ
mdi-format_indent_decrease,
mdi-format_indent_increase,
mdi-format_italic,
mdi-format_line_spacing,
mdi-format_line_style,難
mdi-format_line_weight,靖
mdi-format_list_bulleted,
mdi-format_list_bulleted_type,
mdi-format_list_checks,ﱔ
mdi-format_list_numbers,
mdi-format_page_break,ﯕ
mdi-format_paint,
mdi-format_paragraph,
mdi-format_pilcrow,ﯖ
mdi-format_quote_close,
mdi-format_quote_open,ﱕ
mdi-format_rotate_90,ﮨ
mdi-format_section,ﮝ
mdi-format_size,
mdi-format_strikethrough,
mdi-format_strikethrough_variant,
mdi-format_subscript,
mdi-format_superscript,
mdi-format_text,
mdi-format_textdirection_l_to_r,
mdi-format_textdirection_r_to_l,
mdi-format_title,﫳
mdi-format_underline,
mdi-format_vertical_align_bottom,ﬠ
mdi-format_vertical_align_center,ﬡ
mdi-format_vertical_align_top,ﬢ
mdi-format_wrap_inline,
mdi-format_wrap_square,
mdi-format_wrap_tight,
mdi-format_wrap_top_bottom,
mdi-forum,
mdi-forum_outline,ﴠ
mdi-forward,
mdi-foursquare,
mdi-fridge,
mdi-fridge_filled,
mdi-fridge_filled_bottom,
mdi-fridge_filled_top,
mdi-fuel,ﳈ
mdi-fullscreen,
mdi-fullscreen_exit,
mdi-function,
mdi-gamepad,
mdi-gamepad_variant,
mdi-garage,ﯗ
mdi-garage_open,ﯘ
mdi-gas_cylinder,צּ
mdi-gas_station,
mdi-gate,
mdi-gauge,
mdi-gavel,
mdi-gender_female,
mdi-gender_male,
mdi-gender_male_female,
mdi-gender_transgender,
mdi-gesture,ﳉ
mdi-gesture_double_tap,ﰺ
mdi-gesture_swipe_down,ﰻ
mdi-gesture_swipe_left,ﰼ
mdi-gesture_swipe_right,ﰽ
mdi-gesture_swipe_up,ﰾ
mdi-gesture_tap,ﰿ
mdi-gesture_two_double_tap,ﱀ
mdi-gesture_two_tap,ﱁ
mdi-ghost,
mdi-gift,
mdi-git,
mdi-github_box,
mdi-github_circle,
mdi-github_face,ﯙ
mdi-glass_flute,
mdi-glass_mug,
mdi-glass_stange,
mdi-glass_tulip,
mdi-glassdoor,
mdi-glasses,
mdi-gmail,
mdi-gnome,
mdi-golf,ﴡ
mdi-gondola,ﮄ
mdi-google,
mdi-google_analytics,ﳊ
mdi-google_assistant,ﳋ
mdi-google_cardboard,
mdi-google_chrome,
mdi-google_circles,
mdi-google_circles_communities,
mdi-google_circles_extended,
mdi-google_circles_group,
mdi-google_controller,
mdi-google_controller_off,
mdi-google_drive,
mdi-google_earth,
mdi-google_glass,
mdi-google_home,ﴢ
mdi-google_keep,ﯚ
mdi-google_maps,﫴
mdi-google_nearby,
mdi-google_pages,
mdi-google_photos,ﯛ
mdi-google_physical_web,
mdi-google_play,
mdi-google_plus,
mdi-google_plus_box,
mdi-google_translate,
mdi-google_wallet,
mdi-gradient,ﮞ
mdi-grease_pencil,קּ
mdi-grid,
mdi-grid_large,ﱖ
mdi-grid_off,
mdi-group,
mdi-guitar_acoustic,ﱯ
mdi-guitar_electric,
mdi-guitar_pick,
mdi-guitar_pick_outline,
mdi-guy_fawkes_mask,ﴣ
mdi-hackernews,ﬣ
mdi-hamburger,ﮃ
mdi-hand_pointing_right,
mdi-hanger,
mdi-hangouts,
mdi-harddisk,
mdi-headphones,
mdi-headphones_box,
mdi-headphones_off,ﳌ
mdi-headphones_settings,
mdi-headset,
mdi-headset_dock,
mdi-headset_off,
mdi-heart,
mdi-heart_box,
mdi-heart_box_outline,
mdi-heart_broken,
mdi-heart_half,ﯝ
mdi-heart_half_full,ﯜ
mdi-heart_half_outline,ﯞ
mdi-heart_off,ﱗ
mdi-heart_outline,
mdi-heart_pulse,﫵
mdi-help,
mdi-help_box,ﲉ
mdi-help_circle,
mdi-help_circle_outline,ﬤ
mdi-help_network,ﯳ
mdi-hexagon,
mdi-hexagon_multiple,ﯟ
mdi-hexagon_outline,
mdi-high_definition,ﳍ
mdi-highway,﫶
mdi-history,
mdi-hololens,
mdi-home,
mdi-home_account,ﴤ
mdi-home_assistant,ﳎ
mdi-home_automation,ﳏ
mdi-home_circle,ﳐ
mdi-home_heart,ﴥ
mdi-home_map_marker,﫷
mdi-home_modern,
mdi-home_outline,ﮟ
mdi-home_variant,
mdi-hook,ﯠ
mdi-hook_off,ﯡ
mdi-hops,
mdi-hospital,
mdi-hospital_building,
mdi-hospital_marker,
mdi-hot_tub,ﴦ
mdi-hotel,
mdi-houzz,
mdi-houzz_box,
mdi-hulu,ﴧ
mdi-human,
mdi-human_child,
mdi-human_female,רּ
mdi-human_greeting,שּ
mdi-human_handsdown,תּ
mdi-human_handsup,וֹ
mdi-human_male,בֿ
mdi-human_male_female,
mdi-human_pregnant,龜
mdi-humble_bundle,ﱂ
mdi-ice_cream,ﴨ
mdi-image,
mdi-image_album,
mdi-image_area,
mdi-image_area_close,
mdi-image_broken,
mdi-image_broken_variant,
mdi-image_filter,
mdi-image_filter_black_white,
mdi-image_filter_center_focus,
mdi-image_filter_center_focus_weak,
mdi-image_filter_drama,
mdi-image_filter_frames,
mdi-image_filter_hdr,
mdi-image_filter_none,
mdi-image_filter_tilt_shift,
mdi-image_filter_vintage,
mdi-image_multiple,
mdi-image_off,ﴩ
mdi-import,
mdi-inbox,ﮅ
mdi-inbox_arrow_down,
mdi-inbox_arrow_up,
mdi-incognito,﫸
mdi-infinity,ﯢ
mdi-information,
mdi-information_outline,
mdi-information_variant,כֿ
mdi-instagram,
mdi-instapaper,
mdi-internet_explorer,
mdi-invert_colors,
mdi-itunes,ﭵ
mdi-jeepney,
mdi-jira,
mdi-jsfiddle,
mdi-json,ﬥ
mdi-karate,ﴪ
mdi-keg,
mdi-kettle,﫹
mdi-key,
mdi-key_change,
mdi-key_minus,
mdi-key_plus,
mdi-key_remove,
mdi-key_variant,
mdi-keyboard,
mdi-keyboard_backspace,
mdi-keyboard_caps,
mdi-keyboard_close,
mdi-keyboard_off,
mdi-keyboard_return,
mdi-keyboard_tab,
mdi-keyboard_variant,
mdi-kickstarter,ﱃ
mdi-kodi,
mdi-label,
mdi-label_outline,
mdi-ladybug,ﴫ
mdi-lambda,ﬦ
mdi-lamp,﮳
mdi-lan,
mdi-lan_connect,
mdi-lan_disconnect,
mdi-lan_pending,
mdi-language_c,ﭰ
mdi-language_cpp,ﭱ
mdi-language_csharp,
mdi-language_css3,
mdi-language_go,ﳑ
mdi-language_html5,
mdi-language_javascript,
mdi-language_php,
mdi-language_python,
mdi-language_python_text,
mdi-language_r,ﳒ
mdi-language_swift,ﯣ
mdi-language_typescript,ﯤ
mdi-laptop,
mdi-laptop_chromebook,
mdi-laptop_mac,
mdi-laptop_off,ﯥ
mdi-laptop_windows,
mdi-lastfm,
mdi-lastpass,聾
mdi-launch,
mdi-lava_lamp,ﳓ
mdi-layers,
mdi-layers_off,
mdi-lead_pencil,פֿ
mdi-leaf,
mdi-led_off,
mdi-led_on,
mdi-led_outline,
mdi-led_strip,ﳔ
mdi-led_variant_off,
mdi-led_variant_on,
mdi-led_variant_outline,
mdi-library,
mdi-library_books,
mdi-library_music,
mdi-library_plus,
mdi-lightbulb,
mdi-lightbulb_on,ﯦ
mdi-lightbulb_on_outline,ﯧ
mdi-lightbulb_outline,
mdi-link,
mdi-link_off,
mdi-link_variant,
mdi-link_variant_off,
mdi-linkedin,
mdi-linkedin_box,
mdi-linux,
mdi-loading,ﱰ
mdi-lock,
mdi-lock_open,
mdi-lock_open_outline,
mdi-lock_outline,
mdi-lock_pattern,ﯨ
mdi-lock_plus,﫺
mdi-lock_reset,ﱱ
mdi-locker,ﳕ
mdi-locker_multiple,ﳖ
mdi-login,
mdi-login_variant,﫻
mdi-logout,
mdi-logout_variant,﫼
mdi-looks,
mdi-loop,ﯩ
mdi-loupe,
mdi-lumx,
mdi-magnet,
mdi-magnet_on,
mdi-magnify,
mdi-magnify_minus,
mdi-magnify_minus_outline,ﯪ
mdi-magnify_plus,
mdi-magnify_plus_outline,ﯫ
mdi-mail_ru,
mdi-mailbox,ﯬ
mdi-map,
mdi-map_marker,
mdi-map_marker_circle,
mdi-map_marker_minus,ﭏ
mdi-map_marker_multiple,
mdi-map_marker_off,
mdi-map_marker_outline,ﳗ
mdi-map_marker_plus,ﭐ
mdi-map_marker_radius,
mdi-margin,
mdi-markdown,
mdi-marker,ﭑ
mdi-marker_check,
mdi-martini,
mdi-material_ui,
mdi-math_compass,
mdi-matrix,ﬧ
mdi-maxcdn,
mdi-medical_bag,ﯭ
mdi-medium,
mdi-memory,
mdi-menu,
mdi-menu_down,
mdi-menu_down_outline,﮴
mdi-menu_left,
mdi-menu_right,
mdi-menu_up,
mdi-menu_up_outline,﮵
mdi-message,
mdi-message_alert,
mdi-message_bulleted,ﮠ
mdi-message_bulleted_off,ﮡ
mdi-message_draw,
mdi-message_image,
mdi-message_outline,
mdi-message_plus,ﭒ
mdi-message_processing,
mdi-message_reply,
mdi-message_reply_text,
mdi-message_settings,ﯮ
mdi-message_settings_variant,ﯯ
mdi-message_text,
mdi-message_text_outline,
mdi-message_video,
mdi-meteor,ﬨ
mdi-metronome,ﳘ
mdi-metronome_tick,ﳙ
mdi-micro_sd,ﳚ
mdi-microphone,
mdi-microphone_off,
mdi-microphone_outline,
mdi-microphone_settings,
mdi-microphone_variant,
mdi-microphone_variant_off,
mdi-microscope,ﭓ
mdi-microsoft,
mdi-minecraft,
mdi-minus,
mdi-minus_box,
mdi-minus_box_outline,ﯰ
mdi-minus_circle,
mdi-minus_circle_outline,
mdi-minus_network,
mdi-mixcloud,﬩
mdi-mixer,ﳛ
mdi-monitor,
mdi-monitor_multiple,
mdi-more,
mdi-motorbike,
mdi-mouse,
mdi-mouse_off,
mdi-mouse_variant,
mdi-mouse_variant_off,
mdi-move_resize,ﭔ
mdi-move_resize_variant,ﭕ
mdi-movie,
mdi-movie_roll,ﳜ
mdi-multiplication,
mdi-multiplication_box,
mdi-mushroom,ﳝ
mdi-mushroom_outline,ﳞ
mdi-music,ﱘ
mdi-music_box,
mdi-music_box_outline,
mdi-music_circle,
mdi-music_note,
mdi-music_note_bluetooth,﫽
mdi-music_note_bluetooth_off,﫾
mdi-music_note_eighth,
mdi-music_note_half,
mdi-music_note_off,
mdi-music_note_quarter,
mdi-music_note_sixteenth,
mdi-music_note_whole,
mdi-music_off,ﱙ
mdi-nature,
mdi-nature_people,
mdi-navigation,
mdi-near_me,頻
mdi-needle,
mdi-nest_protect,
mdi-nest_thermostat,
mdi-netflix,ﱄ
mdi-network,ﯱ
mdi-new_box,
mdi-newspaper,
mdi-nfc,
mdi-nfc_tap,
mdi-nfc_variant,
mdi-ninja,ﱲ
mdi-nintendo_switch,ﳟ
mdi-nodejs,
mdi-note,
mdi-note_multiple,﮶
mdi-note_multiple_outline,﮷
mdi-note_outline,
mdi-note_plus,
mdi-note_plus_outline,
mdi-note_text,
mdi-notebook,ﴬ
mdi-notification_clear_all,
mdi-npm,ﯵ
mdi-nuke,ﮢ
mdi-null,ﳠ
mdi-numeric,
mdi-numeric_0_box,
mdi-numeric_0_box_multiple_outline,
mdi-numeric_0_box_outline,
mdi-numeric_1_box,
mdi-numeric_1_box_multiple_outline,
mdi-numeric_1_box_outline,
mdi-numeric_2_box,
mdi-numeric_2_box_multiple_outline,
mdi-numeric_2_box_outline,
mdi-numeric_3_box,
mdi-numeric_3_box_multiple_outline,
mdi-numeric_3_box_outline,
mdi-numeric_4_box,
mdi-numeric_4_box_multiple_outline,
mdi-numeric_4_box_outline,
mdi-numeric_5_box,
mdi-numeric_5_box_multiple_outline,
mdi-numeric_5_box_outline,
mdi-numeric_6_box,
mdi-numeric_6_box_multiple_outline,
mdi-numeric_6_box_outline,
mdi-numeric_7_box,
mdi-numeric_7_box_multiple_outline,
mdi-numeric_7_box_outline,
mdi-numeric_8_box,
mdi-numeric_8_box_multiple_outline,
mdi-numeric_8_box_outline,
mdi-numeric_9_box,
mdi-numeric_9_box_multiple_outline,
mdi-numeric_9_box_outline,
mdi-numeric_9_plus_box,
mdi-numeric_9_plus_box_multiple_outline,
mdi-numeric_9_plus_box_outline,
mdi-nut,ﯶ
mdi-nutrition,
mdi-oar,ﭺ
mdi-octagon,
mdi-octagon_outline,
mdi-octagram,ﯷ
mdi-octagram_outline,ﱳ
mdi-odnoklassniki,
mdi-office,
mdi-oil,
mdi-oil_temperature,
mdi-omega,
mdi-onedrive,
mdi-onenote,ﱅ
mdi-opacity,頋
mdi-open_in_app,
mdi-open_in_new,
mdi-openid,
mdi-opera,
mdi-orbit,
mdi-ornament,
mdi-ornament_variant,
mdi-owl,
mdi-package,
mdi-package_down,
mdi-package_up,
mdi-package_variant,
mdi-package_variant_closed,
mdi-page_first,﫿
mdi-page_last,ﬀ
mdi-page_layout_body,ﯸ
mdi-page_layout_footer,ﯹ
mdi-page_layout_header,ﯺ
mdi-page_layout_sidebar_left,ﯻ
mdi-page_layout_sidebar_right,ﯼ
mdi-palette,
mdi-palette_advanced,
mdi-panda,
mdi-pandora,
mdi-panorama,
mdi-panorama_fisheye,
mdi-panorama_horizontal,
mdi-panorama_vertical,
mdi-panorama_wide_angle,
mdi-paper_cut_vertical,
mdi-paperclip,
mdi-parking,
mdi-passport,ﳡ
mdi-pause,
mdi-pause_circle,
mdi-pause_circle_outline,
mdi-pause_octagon,
mdi-pause_octagon_outline,
mdi-paw,
mdi-paw_off,ﭖ
mdi-pen,
mdi-pencil,
mdi-pencil_box,
mdi-pencil_box_outline,
mdi-pencil_circle,ﯽ
mdi-pencil_circle_outline,ﱴ
mdi-pencil_lock,
mdi-pencil_off,
mdi-pentagon,ﯾ
mdi-pentagon_outline,ﯿ
mdi-percent,
mdi-periodic_table_co2,ﳢ
mdi-periscope,ﱆ
mdi-pharmacy,
mdi-phone,
mdi-phone_bluetooth,
mdi-phone_classic,ﬁ
mdi-phone_forward,
mdi-phone_hangup,
mdi-phone_in_talk,
mdi-phone_incoming,
mdi-phone_locked,
mdi-phone_log,
mdi-phone_minus,ﭗ
mdi-phone_missed,
mdi-phone_outgoing,
mdi-phone_paused,
mdi-phone_plus,ﭘ
mdi-phone_return,ﴭ
mdi-phone_settings,
mdi-phone_voip,
mdi-pi,
mdi-pi_box,
mdi-piano,ﭻ
mdi-pig,豈
mdi-pill,更
mdi-pillar,ﰀ
mdi-pin,車
mdi-pin_off,賈
mdi-pine_tree,滑
mdi-pine_tree_box,串
mdi-pinterest,句
mdi-pinterest_box,龜
mdi-pipe,ﳣ
mdi-pipe_disconnected,ﳤ
mdi-pistol,ﰁ
mdi-pizza,龜
mdi-plane_shield,﮹
mdi-play,契
mdi-play_box_outline,金
mdi-play_circle,喇
mdi-play_circle_outline,奈
mdi-play_pause,懶
mdi-play_protected_content,癩
mdi-playlist_check,陼
mdi-playlist_minus,羅
mdi-playlist_play,蘿
mdi-playlist_plus,螺
mdi-playlist_remove,裸
mdi-playstation,邏
mdi-plex,﮸
mdi-plus,樂
mdi-plus_box,洛
mdi-plus_box_outline,ﰂ
mdi-plus_circle,烙
mdi-plus_circle_multiple_outline,珞
mdi-plus_circle_outline,落
mdi-plus_network,酪
mdi-plus_one,駱
mdi-plus_outline,ﰃ
mdi-pocket,亂
mdi-pokeball,卵
mdi-poker_chip,ﴮ
mdi-polaroid,欄
mdi-poll,爛
mdi-poll_box,蘭
mdi-polymer,鸞
mdi-pool,ﬅ
mdi-popcorn,嵐
mdi-pot,ﭙ
mdi-pot_mix,ﭚ
mdi-pound,濫
mdi-pound_box,藍
mdi-power,襤
mdi-power_plug,ﮣ
mdi-power_plug_off,ﮤ
mdi-power_settings,拉
mdi-power_socket,臘
mdi-power_socket_eu,ﳥ
mdi-power_socket_uk,ﳦ
mdi-power_socket_us,ﳧ
mdi-prescription,ﰄ
mdi-presentation,蠟
mdi-presentation_play,廊
mdi-printer,朗
mdi-printer_3d,浪
mdi-printer_alert,狼
mdi-printer_settings,ﰅ
mdi-priority_high,ﬂ
mdi-priority_low,ﬃ
mdi-professional_hexagon,郎
mdi-projector,來
mdi-projector_screen,冷
mdi-publish,ﮥ
mdi-pulse,勞
mdi-puzzle,擄
mdi-qqchat,ﬄ
mdi-qrcode,櫓
mdi-qrcode_scan,爐
mdi-quadcopter,盧
mdi-quality_high,老
mdi-quicktime,蘆
mdi-radar,虜
mdi-radiator,路
mdi-radio,露
mdi-radio_handheld,魯
mdi-radio_tower,鷺
mdi-radioactive,碌
mdi-radiobox_blank,祿
mdi-radiobox_marked,綠
mdi-raspberrypi,菉
mdi-ray_end,錄
mdi-ray_end_arrow,鹿
mdi-ray_start,論
mdi-ray_start_arrow,壟
mdi-ray_start_end,弄
mdi-ray_vertex,籠
mdi-react,ﰆ
mdi-read,牢
mdi-receipt,賂
mdi-record,雷
mdi-record_rec,壘
mdi-recycle,屢
mdi-reddit,樓
mdi-redo,淚
mdi-redo_variant,漏
mdi-refresh,累
mdi-regex,縷
mdi-relative_scale,陋
mdi-reload,勒
mdi-remote,肋
mdi-rename_box,凜
mdi-reorder_horizontal,ﮆ
mdi-reorder_vertical,ﮇ
mdi-repeat,凌
mdi-repeat_off,稜
mdi-repeat_once,綾
mdi-replay,菱
mdi-reply,陵
mdi-reply_all,讀
mdi-reproduction,拏
mdi-resize_bottom_right,樂
mdi-responsive,諾
mdi-restart,ﰇ
mdi-restore,ﮦ
mdi-rewind,丹
mdi-rewind_outline,ﰈ
mdi-rhombus,ﰉ
mdi-rhombus_outline,ﰊ
mdi-ribbon,寧
mdi-rice,ﳨ
mdi-ring,ﳩ
mdi-road,怒
mdi-road_variant,率
mdi-robot,ﮧ
mdi-rocket,異
mdi-roomba,ﰋ
mdi-rotate_3d,北
mdi-rotate_left,磻
mdi-rotate_left_variant,便
mdi-rotate_right,復
mdi-rotate_right_variant,不
mdi-rounded_corner,ﬆ
mdi-router_wireless,泌
mdi-routes,數
mdi-rowing,﬇
mdi-rss,索
mdi-rss_box,參
mdi-ruler,塞
mdi-run,ﰌ
mdi-run_fast,省
mdi-sale,葉
mdi-sass,ﳪ
mdi-satellite,說
mdi-satellite_variant,殺
mdi-saxophone,﬈
mdi-scale,辰
mdi-scale_balance,𢡄
mdi-scale_bathroom,沈
mdi-scanner,ﮩ
mdi-school,拾
mdi-screen_rotation,若
mdi-screen_rotation_lock,掠
mdi-screwdriver,略
mdi-script,亮
mdi-sd,兩
mdi-seal,凉
mdi-search_web,ﰍ
mdi-seat_flat,梁
mdi-seat_flat_angled,糧
mdi-seat_individual_suite,良
mdi-seat_legroom_extra,諒
mdi-seat_legroom_normal,量
mdi-seat_legroom_reduced,勵
mdi-seat_recline_extra,呂
mdi-seat_recline_normal,女
mdi-security,廬
mdi-security_home,ﮈ
mdi-security_network,旅
mdi-select,濾
mdi-select_all,礪
mdi-select_inverse,閭
mdi-select_off,驪
mdi-selection,麗
mdi-selection_off,ﱵ
mdi-send,黎
mdi-send_secure,ﳫ
mdi-serial_port,ﭛ
mdi-server,力
mdi-server_minus,曆
mdi-server_network,歷
mdi-server_network_off,轢
mdi-server_off,年
mdi-server_plus,憐
mdi-server_remove,戀
mdi-server_security,撚
mdi-set_all,ﱶ
mdi-set_center,ﱷ
mdi-set_center_right,ﱸ
mdi-set_left,ﱹ
mdi-set_left_center,ﱺ
mdi-set_left_right,ﱻ
mdi-set_none,ﱼ
mdi-set_right,ﱽ
mdi-settings,漣
mdi-settings_box,煉
mdi-shape,ﴯ
mdi-shape_circle_plus,ﭜ
mdi-shape_outline,ﴰ
mdi-shape_plus,璉
mdi-shape_polygon_plus,ﭝ
mdi-shape_rectangle_plus,ﭞ
mdi-shape_square_plus,ﭟ
mdi-share,秊
mdi-share_variant,練
mdi-shield,聯
mdi-shield_half_full,ﱾ
mdi-shield_outline,輦
mdi-ship_wheel,ﴱ
mdi-shopping,蓮
mdi-shopping_music,連
mdi-shovel,ﰎ
mdi-shovel_off,ﰏ
mdi-shredder,鍊
mdi-shuffle,列
mdi-shuffle_disabled,劣
mdi-shuffle_variant,咽
mdi-sigma,烈
mdi-sigma_lower,שׁ
mdi-sign_caution,裂
mdi-sign_direction,ﱿ
mdi-sign_text,ﲀ
mdi-signal,說
mdi-signal_2g,ﰐ
mdi-signal_3g,ﰑ
mdi-signal_4g,ﰒ
mdi-signal_hspa,ﰓ
mdi-signal_hspa_plus,ﰔ
mdi-signal_off,ﲁ
mdi-signal_variant,﬉
mdi-silverware,廉
mdi-silverware_fork,念
mdi-silverware_spoon,捻
mdi-silverware_variant,殮
mdi-sim,簾
mdi-sim_alert,獵
mdi-sim_off,令
mdi-sitemap,囹
mdi-skip_backward,寧
mdi-skip_forward,嶺
mdi-skip_next,怜
mdi-skip_next_circle,ﭠ
mdi-skip_next_circle_outline,ﭡ
mdi-skip_previous,玲
mdi-skip_previous_circle,ﭢ
mdi-skip_previous_circle_outline,ﭣ
mdi-skull,ﮊ
mdi-skype,瑩
mdi-skype_business,羚
mdi-slack,聆
mdi-sleep,鈴
mdi-sleep_off,零
mdi-smoking,靈
mdi-smoking_off,領
mdi-snapchat,例
mdi-snowflake,ﰕ
mdi-snowman,禮
mdi-soccer,醴
mdi-soccer_field,ﴲ
mdi-sofa,隸
mdi-solid,ﮋ
mdi-sort,惡
mdi-sort_alphabetical,了
mdi-sort_ascending,僚
mdi-sort_descending,寮
mdi-sort_numeric,尿
mdi-sort_variant,料
mdi-soundcloud,樂
mdi-source_branch,שׂ
mdi-source_commit,ﰖ
mdi-source_commit_end,ﰗ
mdi-source_commit_end_local,ﰘ
mdi-source_commit_local,ﰙ
mdi-source_commit_next_local,ﰚ
mdi-source_commit_start,ﰛ
mdi-source_commit_start_next_local,ﰜ
mdi-source_fork,燎
mdi-source_merge,שּׁ
mdi-source_pull,療
mdi-soy_sauce,ﳬ
mdi-speaker,蓼
mdi-speaker_off,遼
mdi-speaker_wireless,ﰝ
mdi-speedometer,龍
mdi-spellcheck,暈
mdi-spotify,阮
mdi-spotlight,劉
mdi-spotlight_beam,杻
mdi-spray,ﭤ
mdi-square,ﱢ
mdi-square_inc,柳
mdi-square_inc_cash,流
mdi-square_outline,ﱡ
mdi-square_root,ﲂ
mdi-stack_overflow,溜
mdi-stackexchange,﬊
mdi-stadium,ﰞ
mdi-stairs,琉
mdi-standard_definition,ﳭ
mdi-star,留
mdi-star_circle,硫
mdi-star_half,紐
mdi-star_off,類
mdi-star_outline,六
mdi-steam,戮
mdi-steering,陸
mdi-step_backward,倫
mdi-step_backward_2,崙
mdi-step_forward,淪
mdi-step_forward_2,輪
mdi-stethoscope,律
mdi-sticker,𢡊
mdi-sticker_emoji,ﲃ
mdi-stocking,慄
mdi-stop,栗
mdi-stop_circle,ﭥ
mdi-stop_circle_outline,ﭦ
mdi-store,率
mdi-store_24_hour,隆
mdi-stove,利
mdi-subdirectory_arrow_left,﬋
mdi-subdirectory_arrow_right,﬌
mdi-subway,ﮪ
mdi-subway_variant,吏
mdi-summit,ﲄ
mdi-sunglasses,履
mdi-surround_sound,醙
mdi-surround_sound_2_0,ﳮ
mdi-surround_sound_3_1,ﳯ
mdi-surround_sound_5_1,ﳰ
mdi-surround_sound_7_1,ﳱ
mdi-svg,ﰟ
mdi-swap_horizontal,易
mdi-swap_vertical,李
mdi-swim,梨
mdi-switch,泥
mdi-sword,理
mdi-sword_cross,ﲅ
mdi-sync,痢
mdi-sync_alert,罹
mdi-sync_off,裏
mdi-tab,裡
mdi-tab_plus,ﱚ
mdi-tab_unselected,里
mdi-table,離
mdi-table_column,ﴳ
mdi-table_column_plus_after,匿
mdi-table_column_plus_before,溺
mdi-table_column_remove,吝
mdi-table_column_width,燐
mdi-table_edit,璘
mdi-table_large,藺
mdi-table_of_contents,ﴴ
mdi-table_row,ﴵ
mdi-table_row_height,隣
mdi-table_row_plus_after,鱗
mdi-table_row_plus_before,麟
mdi-table_row_remove,林
mdi-table_settings,ﴶ
mdi-tablet,淋
mdi-tablet_android,臨
mdi-tablet_ipad,立
mdi-taco,ﱠ
mdi-tag,笠
mdi-tag_faces,粒
mdi-tag_heart,ﮉ
mdi-tag_multiple,狀
mdi-tag_outline,炙
mdi-tag_plus,ﰠ
mdi-tag_remove,ﰡ
mdi-tag_text_outline,識
mdi-target,什
mdi-taxi,茶
mdi-teamviewer,刺
mdi-telegram,切
mdi-television,度
mdi-television_box,ﴷ
mdi-television_classic,ﳲ
mdi-television_classic_off,ﴸ
mdi-television_guide,拓
mdi-television_off,ﴹ
mdi-temperature_celsius,糖
mdi-temperature_fahrenheit,宅
mdi-temperature_kelvin,洞
mdi-tennis,暴
mdi-tent,輻
mdi-terrain,行
mdi-test_tube,ﭧ
mdi-text_shadow,ﭨ
mdi-text_to_speech,降
mdi-text_to_speech_off,見
mdi-textbox,﬍
mdi-textbox_password,ﳳ
mdi-texture,廓
mdi-theater,兀
mdi-theme_light_dark,嗀
mdi-thermometer,﨎
mdi-thermometer_lines,﨏
mdi-thought_bubble,ﳴ
mdi-thought_bubble_outline,ﳵ
mdi-thumb_down,塚
mdi-thumb_down_outline,﨑
mdi-thumb_up,晴
mdi-thumb_up_outline,﨓
mdi-thumbs_up_down,﨔
mdi-ticket,凞
mdi-ticket_account,猪
mdi-ticket_confirmation,益
mdi-ticket_percent,ﰢ
mdi-tie,礼
mdi-tilde,ﰣ
mdi-timelapse,神
mdi-timer,祥
mdi-timer_10,福
mdi-timer_3,靖
mdi-timer_off,精
mdi-timer_sand,羽
mdi-timer_sand_empty,ﮫ
mdi-timer_sand_full,ﲊ
mdi-timetable,﨟
mdi-toggle_switch,蘒
mdi-toggle_switch_off,﨡
mdi-tooltip,諸
mdi-tooltip_edit,﨣
mdi-tooltip_image,﨤
mdi-tooltip_outline,逸
mdi-tooltip_outline_plus,都
mdi-tooltip_text,﨧
mdi-tooth,﨨
mdi-tor,﨩
mdi-tower_beach,ﭿ
mdi-tower_fire,ﮀ
mdi-towing,ﴺ
mdi-trackpad,ﳶ
mdi-traffic_light,飯
mdi-train,飼
mdi-tram,館
mdi-transcribe,鶴
mdi-transcribe_close,郞
mdi-transfer,隷
mdi-transit_transfer,ﮬ
mdi-translate,韛
mdi-treasure_chest,ﰤ
mdi-tree,侮
mdi-trello,僧
mdi-trending_down,免
mdi-trending_neutral,勉
mdi-trending_up,勤
mdi-triangle,卑
mdi-triangle_outline,喝
mdi-trophy,嘆
mdi-trophy_award,器
mdi-trophy_outline,塀
mdi-trophy_variant,墨
mdi-trophy_variant_outline,層
mdi-truck,屮
mdi-truck_delivery,悔
mdi-truck_fast,ﲆ
mdi-truck_trailer,ﰥ
mdi-tshirt_crew,慨
mdi-tshirt_v,憎
mdi-tumblr,懲
mdi-tumblr_reblog,敏
mdi-tune,שּׂ
mdi-tune_vertical,ﭩ
mdi-twitch,既
mdi-twitter,暑
mdi-twitter_box,梅
mdi-twitter_circle,海
mdi-twitter_retweet,渚
mdi-uber,ﱇ
mdi-ubuntu,漢
mdi-ultra_high_definition,ﳷ
mdi-umbraco,煮
mdi-umbrella,爫
mdi-umbrella_outline,琢
mdi-undo,碑
mdi-undo_variant,社
mdi-unfold_less_horizontal,祉
mdi-unfold_less_vertical,ﱞ
mdi-unfold_more_horizontal,祈
mdi-unfold_more_vertical,ﱟ
mdi-ungroup,祐
mdi-unity,ﮭ
mdi-untappd,祖
mdi-update,ﮮ
mdi-upload,祝
mdi-upload_multiple,ﴻ
mdi-upload_network,ﯴ
mdi-usb,禍
mdi-van_passenger,ﳸ
mdi-van_utility,ﳹ
mdi-vanish,ﳺ
mdi-vector_arrange_above,禎
mdi-vector_arrange_below,穀
mdi-vector_circle,突
mdi-vector_circle_variant,節
mdi-vector_combine,練
mdi-vector_curve,縉
mdi-vector_difference,繁
mdi-vector_difference_ab,署
mdi-vector_difference_ba,者
mdi-vector_intersection,臭
mdi-vector_line,艹
mdi-vector_point,艹
mdi-vector_polygon,著
mdi-vector_polyline,褐
mdi-vector_radius,ﱈ
mdi-vector_rectangle,鉶
mdi-vector_selection,視
mdi-vector_square,
mdi-vector_triangle,謁
mdi-vector_union,謹
mdi-venmo,勺
mdi-verified,賓
mdi-vibrate,贈
mdi-video,辶
mdi-video_3d,ﳻ
mdi-video_4k_box,ﴼ
mdi-video_input_antenna,ﴽ
mdi-video_input_component,﴾
mdi-video_input_hdmi,﴿
mdi-video_input_svideo,﵀
mdi-video_off,逸
mdi-video_switch,難
mdi-view_agenda,響
mdi-view_array,頻
mdi-view_carousel,恵
mdi-view_column,𤋮
mdi-view_dashboard,舘
mdi-view_dashboard_variant,﵁
mdi-view_day,﩮
mdi-view_grid,﩯
mdi-view_headline,並
mdi-view_list,况
mdi-view_module,全
mdi-view_parallel,ﰦ
mdi-view_quilt,侀
mdi-view_sequential,ﰧ
mdi-view_stream,充
mdi-view_week,冀
mdi-vimeo,勇
mdi-violin,﬎
mdi-visualstudio,﬏
mdi-vk,喝
mdi-vk_box,啕
mdi-vk_circle,喙
mdi-vlc,嗢
mdi-voice,響
mdi-voicemail,塚
mdi-volume_high,墳
mdi-volume_low,奄
mdi-volume_medium,奔
mdi-volume_minus,ﱜ
mdi-volume_mute,ﱝ
mdi-volume_off,婢
mdi-volume_plus,ﱛ
mdi-vpn,嬨
mdi-vuejs,﵂
mdi-walk,廒
mdi-wall,ﳼ
mdi-wallet,廙
mdi-wallet_giftcard,彩
mdi-wallet_membership,徭
mdi-wallet_travel,惘
mdi-wan,慎
mdi-washing_machine,ﰨ
mdi-watch,愈
mdi-watch_export,憎
mdi-watch_import,慠
mdi-watch_vibrate,ﮯ
mdi-water,懲
mdi-water_off,戴
mdi-water_percent,揄
mdi-water_pump,搜
mdi-watermark,﬑
mdi-waves,ﲋ
mdi-weather_cloudy,摒
mdi-weather_fog,敖
mdi-weather_hail,晴
mdi-weather_lightning,朗
mdi-weather_lightning_rainy,ﭼ
mdi-weather_night,望
mdi-weather_partlycloudy,杖
mdi-weather_pouring,歹
mdi-weather_rainy,殺
mdi-weather_snowy,流
mdi-weather_snowy_rainy,ﭽ
mdi-weather_sunny,滛
mdi-weather_sunset,滋
mdi-weather_sunset_down,漢
mdi-weather_sunset_up,瀞
mdi-weather_windy,煮
mdi-weather_windy_variant,瞧
mdi-web,爵
mdi-webcam,犯
mdi-webhook,אַ
mdi-webpack,ﰩ
mdi-wechat,﬐
mdi-weight,猪
mdi-weight_kilogram,瑱
mdi-whatsapp,甆
mdi-wheelchair_accessibility,画
mdi-white_balance_auto,瘝
mdi-white_balance_incandescent,瘟
mdi-white_balance_iridescent,益
mdi-white_balance_sunny,盛
mdi-widgets,ﰪ
mdi-wifi,直
mdi-wifi_off,睊
mdi-wii,着
mdi-wiiu,ﰫ
mdi-wikipedia,磌
mdi-window_close,窱
mdi-window_closed,節
mdi-window_maximize,类
mdi-window_minimize,絛
mdi-window_open,練
mdi-window_restore,缾
mdi-windows,者
mdi-wordpress,荒
mdi-worker,華
mdi-wrap,蝹
mdi-wrench,襁
mdi-wunderlist,覆
mdi-xamarin,﵃
mdi-xamarin_outline,﵄
mdi-xaml,ﭲ
mdi-xbox,視
mdi-xbox_controller,調
mdi-xbox_controller_battery_alert,ﱉ
mdi-xbox_controller_battery_empty,ﱊ
mdi-xbox_controller_battery_full,ﱋ
mdi-xbox_controller_battery_low,ﱌ
mdi-xbox_controller_battery_medium,ﱍ
mdi-xbox_controller_battery_unknown,ﱎ
mdi-xbox_controller_off,諸
mdi-xda,請
mdi-xing,謁
mdi-xing_box,諾
mdi-xing_circle,諭
mdi-xml,謹
mdi-xmpp,ﳽ
mdi-yammer,ﲇ
mdi-yeast,變
mdi-yelp,贈
mdi-yin_yang,ﭾ
mdi-youtube_creator_studio,﵅
mdi-youtube_gaming,﵆
mdi-youtube_play,輸
mdi-youtube_tv,磊
mdi-zip_box,遲
oct-alert,
oct-arrow_down,
oct-arrow_left,
oct-arrow_right,
oct-arrow_small_down,
oct-arrow_small_left,
oct-arrow_small_right,
oct-arrow_small_up,
oct-arrow_up,
oct-beaker,
oct-bell,
oct-bold,
oct-book,
oct-bookmark,
oct-briefcase,
oct-broadcast,
oct-browser,
oct-bug,
oct-calendar,
oct-check,
oct-checklist,
oct-chevron_down,
oct-chevron_left,
oct-chevron_right,
oct-chevron_up,
oct-circle_slash,
oct-circuit_board,
oct-clippy,
oct-clock,
oct-cloud_download,
oct-cloud_upload,
oct-code,
oct-comment,
oct-comment_discussion,
oct-credit_card,
oct-dash,
oct-dashboard,
oct-database,
oct-desktop_download,
oct-device_camera,
oct-device_camera_video,
oct-device_desktop,
oct-device_mobile,
oct-diff,
oct-diff_added,
oct-diff_ignored,
oct-diff_modified,
oct-diff_removed,
oct-diff_renamed,
oct-ellipses,
oct-ellipsis,
oct-eye,
oct-file,
oct-file_binary,
oct-file_code,
oct-file_directory,
oct-file_media,
oct-file_pdf,
oct-file_submodule,
oct-file_symlink_directory,
oct-file_symlink_file,
oct-file_text,
oct-file_zip,
oct-flame,
oct-fold,
oct-gear,
oct-gift,
oct-gist,
oct-gist_secret,
oct-git_branch,
oct-git_commit,
oct-git_compare,
oct-git_merge,
oct-git_pull_request,
oct-globe,
oct-grabber,
oct-graph,
oct-heart,♥
oct-history,
oct-home,
oct-horizontal_rule,
oct-hubot,
oct-inbox,
oct-info,
oct-issue_closed,
oct-issue_opened,
oct-issue_reopened,
oct-italic,
oct-jersey,
oct-key,
oct-keyboard,
oct-law,
oct-light_bulb,
oct-link,
oct-link_external,
oct-list_ordered,
oct-list_unordered,
oct-location,
oct-lock,
oct-logo_gist,
oct-logo_github,
oct-mail,
oct-mail_read,
oct-mail_reply,
oct-mark_github,
oct-markdown,
oct-megaphone,
oct-mention,
oct-milestone,
oct-mirror,
oct-mortar_board,
oct-mute,
oct-no_newline,
oct-octoface,
oct-organization,
oct-package,
oct-paintcan,
oct-pencil,
oct-person,
oct-pin,
oct-plug,
oct-plus,
oct-plus_small,
oct-primitive_dot,
oct-primitive_square,
oct-pulse,
oct-question,
oct-quote,
oct-radio_tower,
oct-reply,
oct-repo,
oct-repo_clone,
oct-repo_force_push,
oct-repo_forked,
oct-repo_pull,
oct-repo_push,
oct-rocket,
oct-rss,
oct-ruby,
oct-search,
oct-server,
oct-settings,
oct-shield,
oct-sign_in,
oct-sign_out,
oct-smiley,
oct-squirrel,
oct-star,
oct-stop,
oct-sync,
oct-tag,
oct-tasklist,
oct-telescope,
oct-terminal,
oct-text_size,
oct-three_bars,
oct-thumbsdown,
oct-thumbsup,
oct-tools,
oct-trashcan,
oct-triangle_down,
oct-triangle_left,
oct-triangle_right,
oct-triangle_up,
oct-unfold,
oct-unmute,
oct-unverified,
oct-verified,
oct-versions,
oct-watch,
oct-x,
oct-zap,⚡
pl-branch,
pl-current_line,
pl-hostname,
pl-left_hard_divider,
pl-left_soft_divider,
pl-line_number,
pl-readonly,
pl-right_hard_divider,
pl-right_soft_divider,
ple-backslash_separator,
ple-backslash_separator_redundant,
ple-column_number,
ple-current_column,
ple-flame_thick,
ple-flame_thick_mirrored,
ple-flame_thin,
ple-flame_thin_mirrored,
ple-forwardslash_separator,
ple-forwardslash_separator_redundant,
ple-honeycomb,
ple-honeycomb_outline,
ple-ice_waveform,
ple-ice_waveform_mirrored,
ple-left_half_circle_thick,
ple-left_half_circle_thin,
ple-lego_block_facing,
ple-lego_block_sideways,
ple-lego_separator,
ple-lego_separator_thin,
ple-lower_left_triangle,
ple-lower_right_triangle,
ple-pixelated_squares_big,
ple-pixelated_squares_big_mirrored,
ple-pixelated_squares_small,
ple-pixelated_squares_small_mirrored,
ple-right_half_circle_thick,
ple-right_half_circle_thin,
ple-trapezoid_top_bottom,
ple-trapezoid_top_bottom_mirrored,
ple-upper_left_triangle,
ple-upper_right_triangle,
pom-away,
pom-clean_code,
pom-external_interruption,
pom-internal_interruption,
pom-long_pause,
pom-pair_programming,
pom-pomodoro_done,
pom-pomodoro_estimated,
pom-pomodoro_squashed,
pom-pomodoro_ticking,
pom-short_pause,
seti-bower,
seti-cjsx,
seti-coffee,
seti-config,
seti-css,
seti-default,
seti-ejs,
seti-favicon,
seti-folder,
seti-go,
seti-grunt,
seti-gulp,
seti-haskell,
seti-heroku,
seti-home,
seti-html,
seti-image,
seti-javascript,
seti-json,
seti-julia,
seti-karma,
seti-less,
seti-license,
seti-lua,
seti-markdown,
seti-mustache,
seti-npm,
seti-php,
seti-play_arrow,
seti-project,
seti-python,
seti-rails,
seti-react,
seti-ruby,
seti-sass,
seti-stylus,
seti-text,
seti-twig,
seti-typescript,
seti-xml,
weather-alien,
weather-aliens,
weather-barometer,
weather-celsius,
weather-cloud,
weather-cloud_down,
weather-cloud_refresh,
weather-cloud_up,
weather-cloudy,
weather-cloudy_gusts,
weather-cloudy_windy,
weather-day_cloudy,
weather-day_cloudy_gusts,
weather-day_cloudy_high,
weather-day_cloudy_windy,
weather-day_fog,
weather-day_hail,
weather-day_haze,
weather-day_light_wind,
weather-day_lightning,
weather-day_rain,
weather-day_rain_mix,
weather-day_rain_wind,
weather-day_showers,
weather-day_sleet,
weather-day_sleet_storm,
weather-day_snow,
weather-day_snow_thunderstorm,
weather-day_snow_wind,
weather-day_sprinkle,
weather-day_storm_showers,
weather-day_sunny,
weather-day_sunny_overcast,
weather-day_thunderstorm,
weather-day_windy,
weather-degrees,
weather-direction_down,
weather-direction_down_left,
weather-direction_down_right,
weather-direction_left,
weather-direction_right,
weather-direction_up,
weather-direction_up_left,
weather-direction_up_right,
weather-dust,
weather-earthquake,
weather-fahrenheit,
weather-fire,
weather-flood,
weather-fog,
weather-gale_warning,
weather-hail,
weather-horizon,
weather-horizon_alt,
weather-hot,
weather-humidity,
weather-hurricane,
weather-hurricane_warning,
weather-lightning,
weather-lunar_eclipse,
weather-meteor,
weather-moon_alt_first_quarter,
weather-moon_alt_full,
weather-moon_alt_new,
weather-moon_alt_third_quarter,
weather-moon_alt_waning_crescent_1,
weather-moon_alt_waning_crescent_2,
weather-moon_alt_waning_crescent_3,
weather-moon_alt_waning_crescent_4,
weather-moon_alt_waning_crescent_5,
weather-moon_alt_waning_crescent_6,
weather-moon_alt_waning_gibbous_1,
weather-moon_alt_waning_gibbous_2,
weather-moon_alt_waning_gibbous_3,
weather-moon_alt_waning_gibbous_4,
weather-moon_alt_waning_gibbous_5,
weather-moon_alt_waning_gibbous_6,
weather-moon_alt_waxing_crescent_1,
weather-moon_alt_waxing_crescent_2,
weather-moon_alt_waxing_crescent_3,
weather-moon_alt_waxing_crescent_4,
weather-moon_alt_waxing_crescent_5,
weather-moon_alt_waxing_crescent_6,
weather-moon_alt_waxing_gibbous_1,
weather-moon_alt_waxing_gibbous_2,
weather-moon_alt_waxing_gibbous_3,
weather-moon_alt_waxing_gibbous_4,
weather-moon_alt_waxing_gibbous_5,
weather-moon_alt_waxing_gibbous_6,
weather-moon_first_quarter,
weather-moon_full,
weather-moon_new,
weather-moon_third_quarter,
weather-moon_waning_crescent_1,
weather-moon_waning_crescent_2,
weather-moon_waning_crescent_3,
weather-moon_waning_crescent_4,
weather-moon_waning_crescent_5,
weather-moon_waning_crescent_6,
weather-moon_waning_gibbous_1,
weather-moon_waning_gibbous_2,
weather-moon_waning_gibbous_3,
weather-moon_waning_gibbous_4,
weather-moon_waning_gibbous_5,
weather-moon_waning_gibbous_6,
weather-moon_waxing_crescent_1,
weather-moon_waxing_crescent_2,
weather-moon_waxing_crescent_3,
weather-moon_waxing_crescent_4,
weather-moon_waxing_crescent_5,
weather-moon_waxing_crescent_6,
weather-moon_waxing_gibbous_1,
weather-moon_waxing_gibbous_2,
weather-moon_waxing_gibbous_3,
weather-moon_waxing_gibbous_4,
weather-moon_waxing_gibbous_5,
weather-moon_waxing_gibbous_6,
weather-moonrise,
weather-moonset,
weather-na,
weather-night_alt_cloudy,
weather-night_alt_cloudy_gusts,
weather-night_alt_cloudy_high,
weather-night_alt_cloudy_windy,
weather-night_alt_hail,
weather-night_alt_lightning,
weather-night_alt_partly_cloudy,
weather-night_alt_rain,
weather-night_alt_rain_mix,
weather-night_alt_rain_wind,
weather-night_alt_sleet,
weather-night_alt_sleet_storm,
weather-night_alt_snow,
weather-night_alt_snow_thunderstorm,
weather-night_alt_snow_wind,
weather-night_alt_sprinkle,
weather-night_alt_storm_showers,
weather-night_alt_thunderstorm,
weather-night_clear,
weather-night_cloudy,
weather-night_cloudy_gusts,
weather-night_cloudy_high,
weather-night_cloudy_windy,
weather-night_fog,
weather-night_hail,
weather-night_lightning,
weather-night_partly_cloudy,
weather-night_rain,
weather-night_rain_mix,
weather-night_rain_wind,
weather-night_showers,
weather-night_sleet,
weather-night_sleet_storm,
weather-night_snow,
weather-night_snow_thunderstorm,
weather-night_snow_wind,
weather-night_sprinkle,
weather-night_storm_showers,
weather-night_thunderstorm,
weather-rain,
weather-rain_mix,
weather-rain_wind,
weather-raindrop,
weather-raindrops,
weather-refresh,
weather-refresh_alt,
weather-sandstorm,
weather-showers,
weather-sleet,
weather-small_craft_advisory,
weather-smog,
weather-smoke,
weather-snow,
weather-snow_wind,
weather-snowflake_cold,
weather-solar_eclipse,
weather-sprinkle,
weather-stars,
weather-storm_showers,
weather-storm_warning,
weather-strong_wind,
weather-sunrise,
weather-sunset,
weather-thermometer,
weather-thermometer_exterior,
weather-thermometer_internal,
weather-thunderstorm,
weather-time_1,
weather-time_10,
weather-time_11,
weather-time_12,
weather-time_2,
weather-time_3,
weather-time_4,
weather-time_5,
weather-time_6,
weather-time_7,
weather-time_8,
weather-time_9,
weather-tornado,
weather-train,
weather-tsunami,
weather-umbrella,
weather-volcano,
weather-wind_beaufort_0,
weather-wind_beaufort_1,
weather-wind_beaufort_10,
weather-wind_beaufort_11,
weather-wind_beaufort_12,
weather-wind_beaufort_2,
weather-wind_beaufort_3,
weather-wind_beaufort_4,
weather-wind_beaufort_5,
weather-wind_beaufort_6,
weather-wind_beaufort_7,
weather-wind_beaufort_8,
weather-wind_beaufort_9,
weather-wind_direction,
weather-wind_east,
weather-wind_north,
weather-wind_north_east,
weather-wind_north_west,
weather-wind_south,
weather-wind_south_east,
weather-wind_south_west,
weather-wind_west,
weather-windy,
